date,time,temp,dew_point,humidity,wind_dir,wind_speed,wind_gust,pressure,condition
2023-05-01,00:20,18.9,12.8,0.68,W,6.7,0,1015.2,Fair
2023-05-01,00:50,18.9,13.9,0.73,WSW,7.2,0,1015.2,Fair
2023-05-01,01:20,17.8,13.9,0.77,W,6.7,0,1014.6,Fair
2023-05-01,01:50,18.9,13.9,0.73,W,6.7,0,1014.6,Fair
2023-05-01,02:20,18.9,12.8,0.68,WSW,6.7,0,1014.6,Fair
2023-05-01,02:50,17.8,12.8,0.73,WSW,6.7,0,1014.6,Fair
2023-05-01,03:20,17.8,12.8,0.73,W,7.2,0,1014.6,Fair
2023-05-01,03:50,17.8,12.8,0.73,SW,6.3,0,1013.5,Fair
2023-05-01,04:20,18.9,12.2,0.64,SW,4,0,1014.6,Fair
2023-05-01,04:50,18.9,12.2,0.64,WSW,3.1,0,1014.6,Fair
2023-05-01,05:20,17.8,12.8,0.73,WSW,3.6,0,1014.6,Fair
2023-05-01,05:50,17.8,12.8,0.73,SW,2.2,0,1014.6,Fair
2023-05-01,06:50,17.2,12.2,0.72,W,0.4,0,1014.6,Fair
2023-05-01,07:50,17.8,16.1,0.88,NE,0.9,0,1015.2,Patches of Fog
2023-05-01,08:50,17.2,13.9,0.82,W,0.9,0,1015.2,Patches of Fog
2023-05-01,09:20,17.8,13.9,0.77,WSW,2.7,0,1015.2,Patches of Fog
2023-05-01,09:50,17.8,13.9,0.77,WSW,2.2,0,1015.2,Fair
2023-05-01,10:20,18.9,13.9,0.73,SW,2.7,0,1016.3,Fair
2023-05-01,10:50,21.1,13.9,0.64,WSW,1.3,0,1016.3,Fair
2023-05-01,11:20,21.1,15,0.68,ESE,2.7,0,1016.3,Fair
2023-05-01,11:50,22.2,13.9,0.6,SE,2.2,0,1016.3,Fair
2023-05-01,12:20,22.2,13.9,0.6,E,2.2,0,1016.3,Fair
2023-05-01,12:50,22.2,13.9,0.6,E,2.2,0,1016.3,Fair
2023-05-01,13:20,22.2,15,0.64,E,2.7,0,1016.3,Fair
2023-05-01,13:50,22.2,15,0.64,E,2.7,0,1016.3,Fair
2023-05-01,14:20,22.2,15,0.64,E,3.6,0,1016.3,Fair
2023-05-01,14:50,21.1,15,0.68,E,3.6,0,1016.3,Fair
2023-05-01,15:20,21.1,16.1,0.73,E,3.1,0,1016.3,Fair
2023-05-01,15:50,21.1,16.1,0.73,E,3.1,0,1016.3,Fair
2023-05-01,16:20,21.1,16.1,0.73,E,3.6,0,1015.2,Fair
2023-05-01,16:50,20,16.1,0.78,E,3.6,0,1015.2,Fair
2023-05-01,17:20,20,16.1,0.78,E,3.1,0,1015.2,Fair
2023-05-01,17:50,20,16.1,0.78,E,3.1,0,1015.2,Fair
2023-05-01,18:20,20,17.2,0.83,E,4,0,1015.2,Fair
2023-05-01,18:50,20,17.2,0.83,E,3.6,0,1015.2,Fair
2023-05-01,19:20,18.9,17.2,0.88,E,3.6,0,1014.6,Fair
2023-05-01,19:50,20,17.2,0.83,ENE,3.1,0,1014.6,Fair
2023-05-01,20:20,18.9,17.2,0.88,E,3.6,0,1014.6,Fair
2023-05-01,20:32,18.9,17.2,0.88,E,3.6,0,1014.6,Partly Cloudy
2023-05-01,20:50,17.8,17.2,0.94,E,3.1,0,1014.6,Mostly Cloudy
2023-05-01,21:20,17.2,16.1,0.94,E,3.1,0,1015.2,Fog
2023-05-01,21:50,17.2,16.1,0.94,E,4,0,1015.2,Fog
2023-05-01,22:20,17.2,16.1,0.94,E,4.5,0,1015.2,Fog
2023-05-01,22:50,17.2,16.1,0.94,E,4.5,0,1016.3,Light Rain
2023-05-01,23:20,17.2,16.1,0.94,ENE,2.7,0,1016.3,Light Rain
2023-05-01,23:50,17.2,16.1,0.94,ENE,3.6,0,1016.3,Cloudy
2023-05-02,00:20,17.2,17.2,1,NE,3.6,0,1016.3,Cloudy
2023-05-02,00:50,17.2,17.2,1,ENE,3.6,0,1016.3,Light Rain
2023-05-02,01:20,17.2,17.2,1,NE,4,0,1016.3,Cloudy
2023-05-02,01:50,17.2,17.2,1,ENE,4,0,1016.3,Light Drizzle
2023-05-02,02:20,17.8,17.2,0.94,ENE,4.5,0,1016.3,Light Drizzle
2023-05-02,02:50,17.8,17.2,0.94,ENE,5.4,0,1015.2,Fog
2023-05-02,03:20,17.8,17.2,0.94,ENE,5.4,0,1015.2,Cloudy
2023-05-02,03:50,17.8,17.2,0.94,ENE,6.3,0,1015.2,Cloudy
2023-05-02,04:20,17.8,17.2,0.94,ENE,6.7,0,1015.2,Cloudy
2023-05-02,04:50,17.8,17.2,0.94,E,6.3,0,1015.2,Cloudy
2023-05-02,05:20,17.8,17.2,0.94,ENE,4.5,0,1015.2,Cloudy
2023-05-02,05:50,17.8,17.2,0.94,E,5.4,0,1015.2,Mostly Cloudy
2023-05-02,06:50,17.8,16.1,0.88,E,5.4,0,1015.2,Mostly Cloudy
2023-05-02,07:50,17.8,16.1,0.88,E,5.4,0,1015.2,Mostly Cloudy
2023-05-02,08:50,18.9,17.2,0.88,E,5.4,0,1015.2,Mostly Cloudy
2023-05-02,09:20,18.9,17.2,0.88,E,5.4,0,1015.2,Mostly Cloudy
2023-05-02,09:50,18.9,17.2,0.88,E,6.3,0,1015.2,Mostly Cloudy
2023-05-02,10:20,18.9,17.2,0.88,E,5.8,0,1015.2,Mostly Cloudy
2023-05-02,10:50,18.9,17.2,0.88,E,5.8,0,1015.2,Cloudy
2023-05-02,11:20,18.9,17.2,0.88,E,5.8,0,1015.2,Mostly Cloudy
2023-05-02,11:50,18.9,17.2,0.88,E,5.4,0,1015.2,Mostly Cloudy
2023-05-02,12:20,18.9,17.2,0.88,E,5.4,0,1015.2,Mostly Cloudy
2023-05-02,12:50,20,17.2,0.83,ESE,5.4,0,1015.2,Mostly Cloudy
2023-05-02,13:20,21.1,17.2,0.78,ESE,5.4,0,1015.2,Mostly Cloudy
2023-05-02,13:50,21.1,16.1,0.73,ESE,5.4,0,1015.2,Mostly Cloudy
2023-05-02,14:20,21.1,15,0.68,ESE,5.4,10.3,1014.6,Mostly Cloudy
2023-05-02,14:50,22.2,15,0.64,E,5.4,0,1014.6,Mostly Cloudy
2023-05-02,15:20,22.2,15,0.64,ESE,5.8,0,1014.6,Fair
2023-05-02,15:50,22.2,13.9,0.6,E,5.8,0,1013.5,Fair
2023-05-02,16:20,22.2,15,0.64,ESE,5.8,0,1013.5,Fair
2023-05-02,16:50,22.2,13.9,0.6,ESE,5.8,0,1013.5,Fair
2023-05-02,17:20,22.2,13.9,0.6,ESE,5.4,0,1013.5,Fair
2023-05-02,17:50,22.2,13.9,0.6,ESE,5.4,0,1012.5,Fair
2023-05-02,18:20,22.2,15,0.64,E,5.4,0,1012.5,Fair
2023-05-02,18:50,22.2,15,0.64,E,5.8,0,1012.5,Fair
2023-05-02,19:20,21.1,15,0.68,E,5.4,0,1012.5,Fair
2023-05-02,19:50,21.1,15,0.68,E,4.5,0,1012.5,Fair
2023-05-02,20:20,20,16.1,0.78,E,4,0,1012.5,Fair
2023-05-02,20:50,20,16.1,0.78,E,4,0,1012.5,Fair
2023-05-02,21:20,18.9,16.1,0.83,NE,4,0,1012.5,Fair
2023-05-02,21:50,18.9,16.1,0.83,NE,4,0,1013.5,Fair
2023-05-02,22:20,18.9,16.1,0.83,NE,3.6,0,1013.5,Fair
2023-05-02,22:50,18.9,16.1,0.83,E,3.1,0,1013.5,Mostly Cloudy
2023-05-02,23:20,18.9,16.1,0.83,ENE,6.3,0,1013.5,Partly Cloudy
2023-05-02,23:50,18.9,16.1,0.83,ENE,5.8,0,1013.5,Cloudy
2023-05-03,00:20,18.9,16.1,0.83,E,3.6,0,1014.6,Partly Cloudy
2023-05-03,00:50,18.9,16.1,0.83,E,3.6,0,1014.6,Mostly Cloudy
2023-05-03,01:20,18.9,16.1,0.83,ENE,5.8,0,1014.6,Cloudy
2023-05-03,01:50,20,15,0.73,ENE,7.2,0,1013.5,Cloudy
2023-05-03,02:20,18.9,15,0.78,ENE,7.2,0,1013.5,Cloudy
2023-05-03,02:50,18.9,15,0.78,ENE,9.4,0,1013.5,Fair / Windy
2023-05-03,03:20,18.9,16.1,0.83,E,6.7,0,1013.5,Mostly Cloudy
2023-05-03,03:50,20,15,0.73,ENE,7.6,0,1014.6,Mostly Cloudy
2023-05-03,04:20,20,15,0.73,ENE,9.4,0,1013.5,Fair / Windy
2023-05-03,04:50,18.9,15,0.78,ENE,9.4,0,1013.5,Fair / Windy
2023-05-03,05:20,18.9,15,0.78,ENE,9.4,0,1013.5,Fair / Windy
2023-05-03,05:50,18.9,15,0.78,E,3.1,0,1014.6,Fair
2023-05-03,06:50,18.9,13.9,0.73,E,4,0,1015.2,Fair
2023-05-03,07:50,18.9,13.9,0.73,E,7.6,0,1014.6,Fair
2023-05-03,08:50,20,13.9,0.68,ESE,5.4,0,1016.3,Mostly Cloudy
2023-05-03,09:20,20,13.9,0.68,ESE,6.3,0,1016.3,Partly Cloudy
2023-05-03,09:50,20,15,0.73,E,6.3,0,1015.2,Partly Cloudy
2023-05-03,10:20,20,15,0.73,E,5.4,0,1016.3,Partly Cloudy
2023-05-03,10:50,21.1,15,0.68,ESE,5.8,0,1016.3,Partly Cloudy
2023-05-03,11:20,21.1,15,0.68,E,5.4,0,1016.3,Partly Cloudy
2023-05-03,11:50,20,15,0.73,E,5.4,0,1016.3,Mostly Cloudy
2023-05-03,12:20,20,15,0.73,E,5.4,0,1017.3,Mostly Cloudy
2023-05-03,12:50,21.1,15,0.68,E,5.4,0,1017.3,Partly Cloudy
2023-05-03,13:20,21.1,15,0.68,E,5.4,0,1016.3,Partly Cloudy
2023-05-03,13:50,21.1,13.9,0.64,E,5.4,0,1016.3,Mostly Cloudy
2023-05-03,14:20,21.1,15,0.68,ESE,5.8,0,1016.3,Mostly Cloudy
2023-05-03,14:50,22.2,15,0.64,ESE,5.4,0,1016.3,Partly Cloudy
2023-05-03,15:20,21.1,15,0.68,ESE,5.4,0,1016.3,Mostly Cloudy
2023-05-03,15:50,21.1,15,0.68,ESE,5.4,0,1016.3,Mostly Cloudy
2023-05-03,16:20,21.1,15,0.68,ESE,4,0,1016.3,Mostly Cloudy
2023-05-03,16:50,21.1,15,0.68,ESE,4,0,1016.3,Mostly Cloudy
2023-05-03,17:20,21.1,15,0.68,ESE,3.1,0,1016.3,Mostly Cloudy
2023-05-03,17:50,21.1,15,0.68,E,3.1,0,1016.3,Partly Cloudy
2023-05-03,18:20,21.1,15,0.68,ESE,3.1,0,1016.3,Fair
2023-05-03,18:50,21.1,16.1,0.73,E,3.1,0,1016.3,Fair
2023-05-03,19:20,20,16.1,0.78,E,3.1,0,1016.3,Fair
2023-05-03,19:50,20,16.1,0.78,E,3.1,0,1016.3,Fair
2023-05-03,20:20,20,15,0.73,E,3.1,0,1017.3,Fair
2023-05-03,20:50,20,16.1,0.78,ESE,2.7,0,1017.3,Fair
2023-05-03,21:20,20,16.1,0.78,E,2.2,0,1017.3,Fair
2023-05-03,21:50,20,16.1,0.78,E,2.7,0,1018.3,Fair
2023-05-03,22:20,18.9,16.1,0.83,E,2.7,0,1018.3,Fair
2023-05-03,22:50,18.9,16.1,0.83,E,2.7,0,1018.3,Fair
2023-05-03,23:20,18.9,16.1,0.83,ESE,2.7,0,1019.3,Fair
2023-05-03,23:50,18.9,16.1,0.83,ESE,2.2,0,1019.3,Fair
2023-05-04,00:20,18.9,16.1,0.83,SW,1.3,0,1019.3,Fair
2023-05-04,00:50,17.8,15,0.83,SW,0.9,0,1019.3,Fair
2023-05-04,01:20,17.2,15,0.88,W,2.2,0,1019.3,Fair
2023-05-04,01:50,17.2,15,0.88,W,1.3,0,1019.3,Fair
2023-05-04,02:20,17.2,15,0.88,WSW,2.2,0,1019.3,Fair
2023-05-04,02:50,17.2,15,0.88,WSW,2.7,0,1019.3,Fair
2023-05-04,03:20,17.2,15,0.88,W,2.7,0,1018.3,Fair
2023-05-04,03:50,17.2,15,0.88,W,3.1,0,1018.3,Fair
2023-05-04,04:20,17.2,13.9,0.82,WSW,3.1,0,1018.3,Fair
2023-05-04,04:50,17.2,13.9,0.82,WSW,2.7,0,1018.3,Fair
2023-05-04,05:20,16.1,13.9,0.88,W,4,0,1018.3,Fair
2023-05-04,05:50,17.2,13.9,0.82,SW,3.1,0,1018.3,Fair
2023-05-04,06:20,17.8,12.8,0.73,SW,3.1,0,1018.3,Fair
2023-05-04,06:50,17.8,12.2,0.68,SW,3.1,0,1018.3,Fair
2023-05-04,07:20,17.8,15,0.83,WSW,4,0,1018.3,Fair
2023-05-04,07:50,17.8,15,0.83,SSW,4.5,0,1018.3,Fair
2023-05-04,08:20,17.8,15,0.83,SSW,5.8,0,1019.3,Fair
2023-05-04,08:50,17.2,13.9,0.82,W,3.1,0,1019.3,Fair
2023-05-04,09:20,18.9,15,0.78,SW,2.7,0,1019.3,Fair
2023-05-04,09:50,17.8,13.9,0.77,W,3.1,0,1019.3,Fair
2023-05-04,10:20,20,13.9,0.68,SW,3.1,0,1019.3,Fair
2023-05-04,10:50,21.1,15,0.68,WSW,2.7,0,1019.3,Fair
2023-05-04,11:20,21.1,15,0.68,SSW,4.5,0,1019.3,Fair
2023-05-04,11:50,22.2,16.1,0.69,SSW,4,0,1019.3,Mostly Cloudy
2023-05-04,12:20,22.8,16.1,0.65,SSW,3.1,0,1019.3,Mostly Cloudy
2023-05-04,12:50,22.2,16.1,0.69,SSW,5.8,0,1019.3,Mostly Cloudy
2023-05-04,13:20,22.8,16.1,0.65,SSW,4,0,1019.3,Mostly Cloudy
2023-05-04,13:50,22.8,16.1,0.65,SSW,6.3,0,1019.3,Mostly Cloudy
2023-05-04,14:20,22.8,16.1,0.65,SSW,4,0,1019.3,Mostly Cloudy
2023-05-04,14:50,23.9,16.1,0.61,SSW,3.1,0,1019.3,Mostly Cloudy
2023-05-04,15:20,26.1,13.9,0.47,SSW,3.1,0,1018.3,Mostly Cloudy
2023-05-04,15:50,25,15,0.54,S,5.8,0,1018.3,Partly Cloudy
2023-05-04,16:20,26.1,13.9,0.47,SSW,4,0,1018.3,Partly Cloudy
2023-05-04,16:50,26.1,13.9,0.47,SSW,4.5,0,1017.3,Partly Cloudy
2023-05-04,17:20,25,12.8,0.47,SSW,5.8,0,1017.3,Fair
2023-05-04,17:50,25,11.1,0.41,SSW,6.3,0,1017.3,Fair
2023-05-04,18:20,25,11.1,0.41,SSW,6.3,0,1017.3,Fair
2023-05-04,18:50,25,10,0.39,SSW,5.8,0,1017.3,Fair
2023-05-04,19:20,25,11.1,0.41,SSW,6.3,0,1017.3,Fair
2023-05-04,19:50,26.1,11.1,0.39,SW,5.4,0,1017.3,Fair
2023-05-04,20:20,25,12.2,0.44,W,5.4,0,1017.3,Fair
2023-05-04,20:50,23.9,12.2,0.47,W,5.8,0,1017.3,Fair
2023-05-04,21:20,22.8,12.2,0.5,W,6.3,0,1017.3,Fair
2023-05-04,21:50,22.8,11.1,0.47,W,4.5,0,1017.3,Fair
2023-05-04,22:20,22.8,11.1,0.47,WSW,6.3,0,1018.3,Fair
2023-05-04,22:50,22.8,10,0.44,WSW,5.8,0,1018.3,Fair
2023-05-04,23:20,22.2,12.2,0.53,WSW,6.3,0,1018.3,Fair
2023-05-04,23:50,21.1,12.8,0.6,WSW,6.7,0,1018.3,Fair
2023-05-05,00:20,21.1,12.8,0.6,WSW,6.3,0,1018.3,Fair
2023-05-05,00:50,21.1,12.2,0.56,WSW,6.7,0,1018.3,Fair
2023-05-05,01:20,21.1,12.2,0.56,WSW,6.3,0,1018.3,Fair
2023-05-05,01:50,21.1,11.1,0.53,WSW,5.8,0,1018.3,Fair
2023-05-05,02:20,21.1,11.1,0.53,WSW,6.7,0,1017.3,Fair
2023-05-05,02:50,21.1,11.1,0.53,WSW,5.4,0,1017.3,Fair
2023-05-05,03:20,21.1,11.1,0.53,SW,5.4,0,1016.3,Fair
2023-05-05,03:50,21.1,11.1,0.53,SW,4,0,1016.3,Fair
2023-05-05,04:20,21.1,12.2,0.56,SW,4.5,0,1016.3,Fair
2023-05-05,04:50,20,12.8,0.64,SW,3.6,0,1016.3,Fair
2023-05-05,05:50,18.9,12.2,0.64,NNE,0.9,0,1016.3,Fair
2023-05-05,06:50,17.2,13.9,0.82,E,2.2,0,1016.3,Fog
2023-05-05,07:50,17.2,16.1,0.94,ENE,1.3,0,1016.3,Fog
2023-05-05,08:50,17.2,16.1,0.94,E,1.3,0,1017.3,Patches of Fog
2023-05-05,09:02,17.2,16.1,0.94,E,1.3,0,1017.3,Patches of Fog
2023-05-05,09:20,17.8,16.1,0.88,E,1.3,0,1017.3,Patches of Fog
2023-05-05,09:30,17.8,16.1,0.88,ENE,2.2,0,1017.3,Fair
2023-05-05,09:50,17.8,16.1,0.88,ENE,2.2,0,1017.3,Fair
2023-05-05,10:20,17.8,16.1,0.88,ENE,2.7,0,1017.3,Fair
2023-05-05,10:50,17.8,16.1,0.88,E,2.7,0,1017.3,Partly Cloudy
2023-05-05,11:20,17.8,16.1,0.88,E,3.1,0,1017.3,Fair
2023-05-05,11:50,18.9,16.1,0.83,ENE,3.1,0,1017.3,Fair
2023-05-05,12:20,18.9,16.1,0.83,E,3.1,0,1017.3,Fair
2023-05-05,12:50,18.9,16.1,0.83,E,3.1,0,1017.3,Fair
2023-05-05,13:20,18.9,16.1,0.83,E,3.1,0,1017.3,Mostly Cloudy
2023-05-05,13:50,20,16.1,0.78,E,3.6,0,1016.3,Mostly Cloudy
2023-05-05,14:20,20,16.1,0.78,E,3.1,0,1016.3,Fair
2023-05-05,14:50,20,16.1,0.78,E,2.7,0,1016.3,Fair
2023-05-05,15:20,21.1,16.1,0.73,E,2.7,0,1015.2,Fair
2023-05-05,15:50,21.1,16.1,0.73,E,3.1,0,1015.2,Fair
2023-05-05,16:20,20,16.1,0.78,E,3.6,0,1014.6,Fair
2023-05-05,16:50,23.9,15,0.57,ESE,3.1,0,1014.6,Fair
2023-05-05,17:20,25,15,0.54,ESE,2.2,0,1014.6,Fair
2023-05-05,17:50,23.9,13.9,0.53,S,1.3,0,1013.5,Fair
2023-05-05,18:20,22.8,13.9,0.57,ESE,2.7,0,1014.6,Fair
2023-05-05,18:50,22.8,13.9,0.57,ESE,2.2,0,1014.6,Fair
2023-05-05,19:20,22.2,13.9,0.6,ESE,2.2,0,1013.5,Fair
2023-05-05,19:50,22.2,15,0.64,W,0.9,0,1013.5,Fair
2023-05-05,20:20,22.2,16.1,0.69,E,0.9,0,1013.5,Fair
2023-05-05,20:50,20,16.1,0.78,ENE,1.3,0,1013.5,Fair
2023-05-05,21:20,20,16.1,0.78,NNE,0.9,0,1014.6,Fair
2023-05-05,21:50,20,16.1,0.78,NNE,2.7,0,1014.6,Fair
2023-05-05,22:20,20,17.2,0.83,ENE,2.7,0,1014.6,Fair
2023-05-05,22:50,18.9,17.2,0.88,ENE,3.6,0,1015.2,Fair
2023-05-05,23:20,18.9,17.2,0.88,ENE,3.1,0,1015.2,Fair
2023-05-05,23:50,18.9,17.2,0.88,NE,3.6,0,1015.2,Fair
2023-05-06,00:20,18.9,17.2,0.88,ENE,3.1,0,1015.2,Fair
2023-05-06,00:50,18.9,17.8,0.94,ENE,2.7,0,1015.2,Fair
2023-05-06,01:20,18.9,17.8,0.94,ENE,2.7,0,1015.2,Fair
2023-05-06,02:20,18.9,16.1,0.83,NNE,0.9,0,1015.2,Cloudy
2023-05-06,02:50,17.8,16.1,0.88,W,0.9,0,1014.6,Cloudy
2023-05-06,03:20,17.8,16.1,0.88,W,1.3,0,1014.6,Mostly Cloudy
2023-05-06,03:50,17.8,15,0.83,W,2.7,0,1014.6,Mostly Cloudy
2023-05-06,04:20,17.2,15,0.88,W,3.1,0,1013.5,Mostly Cloudy
2023-05-06,04:50,17.2,16.1,0.94,W,3.1,0,1014.6,Mostly Cloudy
2023-05-06,05:50,17.8,16.1,0.88,WSW,3.1,0,1013.5,Mostly Cloudy
2023-05-06,06:50,17.2,13.9,0.82,WSW,2.7,0,1013.5,Partly Cloudy
2023-05-06,07:50,17.2,13.9,0.82,WSW,3.1,0,1013.5,Fair
2023-05-06,08:50,17.8,13.9,0.77,WSW,2.7,0,1014.6,Fair
2023-05-06,09:20,18.9,15,0.78,WSW,3.1,0,1014.6,Fair
2023-05-06,09:50,20,15,0.73,WSW,3.1,0,1014.6,Fair
2023-05-06,10:20,21.1,15,0.68,SSW,3.6,0,1014.6,Fair
2023-05-06,10:50,22.2,15,0.64,SSW,4,0,1014.6,Fair
2023-05-06,11:20,22.2,15,0.64,SSW,5.4,0,1014.6,Fair
2023-05-06,11:50,23.9,13.9,0.53,SW,4,0,1015.2,Fair
2023-05-06,12:20,23.9,13.9,0.53,SW,5.4,0,1015.2,Fair
2023-05-06,12:50,22.8,13.9,0.57,SW,6.3,0,1015.2,Fair
2023-05-06,13:20,22.8,13.9,0.57,SW,6.7,11.6,1015.2,Fair
2023-05-06,13:50,22.8,13.9,0.57,SW,7.2,12.5,1015.2,Fair
2023-05-06,14:20,22.8,13.9,0.57,SW,7.2,12.5,1015.2,Fair
2023-05-06,14:50,23.9,15,0.57,SW,6.7,11.6,1015.2,Fair
2023-05-06,15:20,25,13.9,0.5,W,7.2,0,1015.2,Fair
2023-05-06,15:50,23.9,12.8,0.5,W,7.2,0,1014.6,Fair
2023-05-06,16:20,25,12.2,0.44,W,6.3,0,1014.6,Fair
2023-05-06,16:50,25,12.8,0.47,WSW,6.3,0,1014.6,Fair
2023-05-06,17:20,25,12.8,0.47,WSW,6.7,0,1014.6,Fair
2023-05-06,17:50,25,12.8,0.47,W,7.2,0,1014.6,Fair
2023-05-06,18:20,25,12.2,0.44,WSW,6.7,0,1014.6,Fair
2023-05-06,18:50,22.8,13.9,0.57,W,5.4,0,1014.6,Fair
2023-05-06,19:20,22.8,11.1,0.47,W,6.3,0,1014.6,Fair
2023-05-06,19:50,22.8,11.1,0.47,W,6.3,0,1013.5,Fair
2023-05-06,20:20,22.2,11.1,0.5,W,6.3,0,1014.6,Fair
2023-05-06,20:50,21.1,13.9,0.64,SSW,5.8,0,1014.6,Fair
2023-05-06,21:50,21.1,12.8,0.6,WSW,4,0,1014.6,Fair
2023-05-06,22:20,21.1,11.1,0.53,W,6.7,0,1015.2,Fair
2023-05-06,22:50,21.1,13.9,0.64,W,7.6,0,1015.2,Fair
2023-05-06,23:20,20,13.9,0.68,W,5.8,0,1015.2,Fair
2023-05-06,23:50,20,16.1,0.78,W,7.2,0,1016.3,Fair
2023-05-07,00:20,20,16.1,0.78,W,7.6,0,1016.3,Fair
2023-05-07,00:50,20,16.1,0.78,W,8.9,0,1016.3,Fair
2023-05-07,01:20,18.9,16.1,0.83,W,7.6,0,1015.2,Fair
2023-05-07,01:50,20,16.1,0.78,W,5.8,0,1015.2,Fair
2023-05-07,02:20,20,16.1,0.78,W,6.3,0,1015.2,Fair
2023-05-07,02:50,20,16.1,0.78,W,6.3,0,1015.2,Fair
2023-05-07,03:20,20,16.1,0.78,W,6.3,0,1015.2,Fair
2023-05-07,03:50,20,16.1,0.78,WSW,6.3,0,1015.2,Fair
2023-05-07,04:20,20,16.1,0.78,WSW,5.4,0,1014.6,Fair
2023-05-07,04:50,21.1,15,0.68,SW,6.7,0,1014.6,Fair
2023-05-07,05:20,20,16.1,0.78,SW,6.3,0,1014.6,Fair
2023-05-07,05:50,20,15,0.73,SW,5.4,0,1014.6,Fair
2023-05-07,06:50,20,15,0.73,SW,5.4,0,1014.6,Fair
2023-05-07,07:50,20,15,0.73,WSW,5.8,0,1015.2,Fair
2023-05-07,08:50,20,16.1,0.78,SSW,5.4,0,1015.2,Fair
2023-05-07,09:20,20,16.1,0.78,SW,5.4,0,1016.3,Fair
2023-05-07,09:50,21.1,16.1,0.73,SSW,4.5,0,1016.3,Fair
2023-05-07,10:20,21.1,16.1,0.73,SSW,4.5,0,1016.3,Fair
2023-05-07,10:50,22.2,15,0.64,SSW,5.4,0,1016.3,Fair
2023-05-07,11:20,22.8,16.1,0.65,SW,5.4,0,1016.3,Fair
2023-05-07,11:50,23.9,16.1,0.61,SSW,4,0,1016.3,Fair
2023-05-07,12:20,25,15,0.54,SW,4.5,0,1016.3,Fair
2023-05-07,12:50,26.1,13.9,0.47,WSW,5.4,0,1016.3,Fair
2023-05-07,13:20,26.1,13.9,0.47,WSW,5.4,0,1016.3,Fair
2023-05-07,13:50,26.1,15,0.51,SW,5.4,0,1016.3,Fair
2023-05-07,14:20,25,16.1,0.57,SSW,6.7,0,1016.3,Fair
2023-05-07,14:50,22.8,16.1,0.65,SSW,8,0,1016.3,Fair
2023-05-07,15:20,22.8,16.1,0.65,SSW,7.2,0,1016.3,Fair
2023-05-07,15:50,23.9,16.1,0.61,SSW,7.2,0,1016.3,Fair
2023-05-07,16:20,23.9,16.1,0.61,SSW,7.2,0,1016.3,Fair
2023-05-07,16:50,22.8,16.1,0.65,SSW,8,0,1016.3,Fair
2023-05-07,17:20,22.8,16.1,0.65,SSW,7.2,0,1016.3,Fair
2023-05-07,17:50,23.9,16.1,0.61,SSW,7.2,0,1016.3,Fair
2023-05-07,18:20,23.9,16.1,0.61,SSW,5.4,0,1016.3,Fair
2023-05-07,18:50,22.8,16.1,0.65,SSW,6.3,0,1016.3,Fair
2023-05-07,19:20,23.9,16.1,0.61,SSW,5.4,0,1016.3,Fair
2023-05-07,19:50,22.8,16.1,0.65,SSW,5.8,0,1016.3,Fair
2023-05-07,20:20,22.8,16.1,0.65,SSW,5.8,0,1016.3,Fair
2023-05-07,20:50,22.2,16.1,0.69,SW,4.5,0,1016.3,Fair
2023-05-07,21:20,22.8,15,0.61,SW,4,0,1017.3,Fair
2023-05-07,21:50,23.9,13.9,0.53,SW,5.8,0,1017.3,Fair
2023-05-07,22:20,23.9,12.2,0.47,SW,5.8,0,1018.3,Fair
2023-05-07,22:50,23.9,12.2,0.47,SW,5.4,0,1018.3,Fair
2023-05-07,23:20,22.8,11.1,0.47,SW,5.4,0,1018.3,Fair
2023-05-07,23:50,22.8,11.1,0.47,WSW,3.6,0,1019.3,Fair
2023-05-08,00:20,22.2,13.9,0.6,WNW,0.4,0,1019.3,Fair
2023-05-08,00:50,21.1,15,0.68,N,1.3,0,1019.3,Fair
2023-05-08,01:20,21.1,16.1,0.73,NNE,3.1,0,1019.3,Fair
2023-05-08,01:50,20,16.1,0.78,N,2.7,0,1019.3,Fair
2023-05-08,02:20,20,16.1,0.78,NE,3.1,0,1019.3,Fair
2023-05-08,02:50,18.9,17.2,0.88,NE,4,0,1020.3,Fair
2023-05-08,03:20,18.9,16.1,0.83,NE,3.6,0,1019.3,Fair
2023-05-08,03:50,18.9,17.2,0.88,NE,4,0,1019.3,Fair
2023-05-08,04:20,17.8,16.1,0.88,NE,4.5,0,1019.3,Fair
2023-05-08,04:50,18.9,16.1,0.83,NNE,6.7,0,1019.3,Fair
2023-05-08,05:20,17.8,17.2,0.94,NE,5.4,0,1019.3,Fair
2023-05-08,05:50,18.9,17.2,0.88,NE,1.3,0,1019.3,Fair
2023-05-08,06:50,17.8,17.2,0.94,ENE,1.3,0,1020.3,Fair
2023-05-08,07:20,17.8,17.2,0.94,ENE,2.7,0,1020.3,Mostly Cloudy
2023-05-08,07:50,17.8,17.2,0.94,E,2.7,0,1020.3,Fog
2023-05-08,08:50,17.8,17.8,1,NE,1.3,0,1020.3,Patches of Fog
2023-05-08,08:58,17.8,17.8,1,ENE,1.3,0,1021.3,Patches of Fog
2023-05-08,09:07,17.8,17.8,1,ENE,2.2,0,1021.3,Patches of Fog
2023-05-08,09:20,18.9,17.8,0.94,ENE,2.2,0,1021.3,Patches of Fog
2023-05-08,09:50,18.9,17.8,0.94,ENE,2.7,0,1021.3,Patches of Fog
2023-05-08,10:20,18.9,17.8,0.94,NE,1.3,0,1021.3,Patches of Fog
2023-05-08,10:38,18.9,17.8,0.94,NE,2.7,0,1021.3,Patches of Fog
2023-05-08,10:50,18.9,17.8,0.94,NE,2.7,0,1021.3,Patches of Fog
2023-05-08,11:02,20,17.8,0.88,E,3.1,0,1021.3,Mostly Cloudy
2023-05-08,11:20,18.9,17.2,0.88,E,3.1,0,1021.3,Mostly Cloudy
2023-05-08,11:50,20,17.8,0.88,ENE,3.1,0,1021.3,Mostly Cloudy
2023-05-08,12:20,21.1,17.2,0.78,ENE,3.1,0,1022.4,Mostly Cloudy
2023-05-08,12:50,21.1,17.2,0.78,ENE,3.6,0,1022.4,Partly Cloudy
2023-05-08,13:20,21.1,17.2,0.78,E,3.6,0,1021.3,Partly Cloudy
2023-05-08,13:50,21.1,17.2,0.78,E,4.5,0,1021.3,Partly Cloudy
2023-05-08,14:20,21.1,17.2,0.78,E,5.4,0,1021.3,Mostly Cloudy
2023-05-08,14:50,21.1,17.2,0.78,E,4.5,0,1021.3,Mostly Cloudy
2023-05-08,15:20,20,17.2,0.83,ENE,4,0,1020.3,Mostly Cloudy
2023-05-08,15:50,20,17.2,0.83,ENE,3.6,0,1020.3,Fair
2023-05-08,16:20,21.1,17.2,0.78,ENE,3.1,0,1020.3,Fair
2023-05-08,16:50,20,17.2,0.83,E,3.6,0,1020.3,Fair
2023-05-08,17:20,21.1,17.2,0.78,ENE,3.1,0,1020.3,Fair
2023-05-08,17:50,21.1,17.2,0.78,E,3.1,0,1019.3,Fair
2023-05-08,18:20,22.2,17.2,0.73,E,2.2,0,1020.3,Fair
2023-05-08,18:50,22.8,17.2,0.69,E,1.3,0,1019.3,Fair
2023-05-08,19:20,23.9,17.2,0.65,WNW,0.9,0,1019.3,Fair
2023-05-08,19:50,22.8,17.2,0.69,W,0.9,0,1019.3,Fair
2023-05-08,20:20,22.8,16.1,0.65,NNW,0.9,0,1019.3,Fair
2023-05-08,20:50,22.2,17.2,0.73,NNE,0.4,0,1019.3,Fair
2023-05-08,21:20,22.2,17.2,0.73,SE,0.9,0,1019.3,Fair
2023-05-08,21:50,21.1,17.2,0.78,NNW,0.4,0,1019.3,Fair
2023-05-08,22:20,21.1,17.2,0.78,NNE,0.4,0,1019.3,Fair
2023-05-08,22:50,18.9,17.2,0.88,W,2.2,0,1019.3,Fair
2023-05-08,23:20,18.9,17.2,0.88,W,3.6,0,1019.3,Fair
2023-05-08,23:50,18.9,17.2,0.88,W,4,0,1019.3,Fair
2023-05-09,00:20,20,17.2,0.83,W,4,0,1019.3,Fair
2023-05-09,00:50,21.1,16.1,0.73,WSW,4,0,1019.3,Fair
2023-05-09,01:20,22.8,13.9,0.57,SW,4.5,0,1019.3,Fair
2023-05-09,01:50,23.9,12.8,0.5,WSW,4.5,0,1019.3,Fair
2023-05-09,02:20,22.8,12.8,0.53,WSW,5.4,0,1018.3,Fair
2023-05-09,02:50,22.8,12.8,0.53,WSW,4,0,1018.3,Fair
2023-05-09,03:20,22.2,12.8,0.57,W,3.1,0,1018.3,Fair
2023-05-09,03:50,21.1,13.9,0.64,W,2.2,0,1018.3,Fair
2023-05-09,04:20,17.8,17.2,0.94,ENE,3.6,0,1018.3,Fair
2023-05-09,04:50,17.8,17.2,0.94,ENE,3.1,0,1018.3,Mist
2023-05-09,05:20,18.9,17.2,0.88,ENE,2.7,0,1018.3,Mostly Cloudy
2023-05-09,05:50,18.9,17.2,0.88,ENE,2.2,0,1018.3,Fair
2023-05-09,06:50,18.9,17.8,0.94,ESE,0.9,0,1018.3,Patches of Fog
2023-05-09,07:50,17.8,17.8,1,E,0.4,0,1018.3,Patches of Fog
2023-05-09,08:03,17.8,17.2,0.94,E,0.4,0,1018.3,Fog
2023-05-09,08:50,17.2,16.1,0.94,ENE,1.3,0,1018.3,Fog
2023-05-09,09:15,17.2,17.2,1,E,2.7,0,1018.3,Patches of Fog
2023-05-09,09:20,17.2,17.2,1,E,2.7,0,1019.3,Partial Fog
2023-05-09,09:50,17.2,16.1,0.94,ENE,0.9,0,1018.3,Partial Fog
2023-05-09,10:02,17.8,17.2,0.94,ENE,0.9,0,1018.3,Partial Fog
2023-05-09,10:20,17.8,16.1,0.88,E,1.3,0,1018.3,Patches of Fog
2023-05-09,10:50,17.8,16.1,0.88,E,3.1,0,1019.3,Partial Fog
2023-05-09,11:10,17.8,16.1,0.88,E,3.6,0,1019.3,Partial Fog
2023-05-09,11:20,17.8,16.1,0.88,E,3.1,0,1019.3,Light Rain
2023-05-09,11:50,17.8,16.1,0.88,ENE,2.7,0,1018.3,Partial Fog
2023-05-09,12:20,17.8,16.1,0.88,E,2.7,0,1018.3,Partial Fog
2023-05-09,12:50,18.9,16.1,0.83,E,2.7,0,1018.3,Patches of Fog
2023-05-09,13:20,20,16.1,0.78,ENE,3.1,0,1018.3,Partial Fog
2023-05-09,13:50,18.9,16.1,0.83,ENE,3.1,0,1018.3,Partial Fog
2023-05-09,14:20,18.9,16.1,0.83,E,3.1,0,1017.3,Partial Fog
2023-05-09,14:50,21.1,17.2,0.78,ENE,2.7,0,1017.3,Partial Fog
2023-05-09,15:20,22.8,17.2,0.69,E,1.3,0,1017.3,Partial Fog
2023-05-09,15:50,27.8,15,0.45,S,5.4,11.2,1016.3,Patches of Fog
2023-05-09,16:20,30,13.9,0.37,SSW,6.3,0,1016.3,Fair
2023-05-09,16:50,30,13.9,0.37,SSW,5.4,0,1016.3,Fair
2023-05-09,17:20,30,13.9,0.37,SSW,5.4,0,1015.2,Fair
2023-05-09,17:50,27.2,15,0.48,SSW,7.2,0,1015.2,Fair
2023-05-09,18:20,27.8,13.9,0.42,SSW,7.2,0,1015.2,Fair
2023-05-09,18:50,28.9,15,0.42,SSW,5.4,0,1015.2,Fair
2023-05-09,19:20,28.9,13.9,0.4,SSW,4.5,0,1015.2,Fair
2023-05-09,19:50,28.9,13.9,0.4,SW,4,0,1015.2,Fair
2023-05-09,20:20,27.2,15,0.48,SSW,4,0,1015.2,Fair
2023-05-09,20:50,27.2,15,0.48,SW,4.5,0,1015.2,Fair
2023-05-09,21:20,27.2,13.9,0.45,WSW,5.4,0,1015.2,Fair
2023-05-09,21:50,27.2,13.9,0.45,W,6.7,0,1015.2,Fair
2023-05-09,22:20,27.2,13.9,0.45,W,4.5,0,1016.3,Fair
2023-05-09,22:50,26.1,13.9,0.47,W,7.2,0,1016.3,Fair
2023-05-09,23:20,26.1,13.9,0.47,WSW,6.3,0,1016.3,Fair
2023-05-09,23:50,25,13.9,0.5,WSW,5.4,0,1016.3,Fair
2023-05-10,00:20,25,13.9,0.5,WSW,4.5,0,1016.3,Fair
2023-05-10,00:50,25,13.9,0.5,SW,5.8,0,1015.2,Fair
2023-05-10,01:20,25,13.9,0.5,SW,6.3,0,1015.2,Fair
2023-05-10,01:50,25,13.9,0.5,SW,5.4,0,1015.2,Fair
2023-05-10,02:20,25,13.9,0.5,SW,4.5,0,1015.2,Fair
2023-05-10,02:50,25,13.9,0.5,SW,4.5,0,1015.2,Fair
2023-05-10,03:20,23.9,13.9,0.53,SW,4.5,0,1015.2,Fair
2023-05-10,03:50,23.9,13.9,0.53,SW,5.8,0,1014.6,Fair
2023-05-10,04:20,23.9,13.9,0.53,WSW,4.5,0,1014.6,Fair
2023-05-10,04:50,23.9,12.8,0.5,WSW,4.5,0,1014.6,Fair
2023-05-10,05:20,23.9,12.2,0.47,SW,5.4,0,1014.6,Fair
2023-05-10,05:50,22.8,12.2,0.5,SSW,5.4,0,1014.6,Fair
2023-05-10,06:20,22.8,12.8,0.53,SW,5.4,0,1014.6,Fair
2023-05-10,06:50,22.8,12.2,0.5,SW,5.4,0,1015.2,Fair
2023-05-10,07:20,22.2,12.2,0.53,SW,6.3,0,1015.2,Fair
2023-05-10,07:50,21.1,15,0.68,SW,6.7,0,1015.2,Fair
2023-05-10,08:20,22.2,13.9,0.6,SW,6.3,0,1015.2,Fair
2023-05-10,08:50,23.9,12.2,0.47,SSW,2.2,0,1016.3,Fair
2023-05-10,09:20,22.8,12.2,0.5,NNE,3.6,0,1016.3,Fair
2023-05-10,09:50,22.2,17.2,0.73,ENE,5.4,0,1017.3,Fair
2023-05-10,10:20,22.2,16.1,0.69,NE,6.7,0,1017.3,Fair
2023-05-10,10:50,22.2,16.1,0.69,NE,7.6,0,1017.3,Fair
2023-05-10,11:20,22.2,16.1,0.69,NE,8.9,0,1017.3,Fair
2023-05-10,11:50,22.2,16.1,0.69,NE,8,0,1018.3,Fair
2023-05-10,12:20,22.2,16.1,0.69,NE,8,0,1018.3,Fair
2023-05-10,12:50,22.8,16.1,0.65,ENE,7.6,0,1018.3,Fair
2023-05-10,13:20,22.8,16.1,0.65,ENE,7.6,0,1018.3,Fair
2023-05-10,13:50,22.8,16.1,0.65,ENE,6.3,0,1018.3,Fair
2023-05-10,14:20,22.8,16.1,0.65,ENE,5.8,0,1017.3,Fair
2023-05-10,14:50,22.2,16.1,0.69,E,6.3,0,1017.3,Fair
2023-05-10,15:20,22.8,16.1,0.65,ENE,5.8,0,1017.3,Fair
2023-05-10,15:50,22.8,15,0.61,ENE,5.4,0,1017.3,Fair
2023-05-10,16:20,22.8,15,0.61,ENE,4.5,0,1017.3,Fair
2023-05-10,16:50,22.8,15,0.61,ENE,4.5,0,1016.3,Fair
2023-05-10,17:20,22.2,15,0.64,E,4.5,0,1016.3,Fair
2023-05-10,17:50,22.2,15,0.64,E,4.5,0,1016.3,Fair
2023-05-10,18:20,22.2,15,0.64,E,4,0,1016.3,Fair
2023-05-10,18:50,22.2,16.1,0.69,ENE,3.6,0,1015.2,Fair
2023-05-10,19:20,21.1,16.1,0.73,E,3.6,0,1015.2,Fair
2023-05-10,19:50,21.1,16.1,0.73,E,3.1,0,1015.2,Fair
2023-05-10,20:20,21.1,15,0.68,ENE,3.1,0,1015.2,Fair
2023-05-10,20:50,21.1,16.1,0.73,ENE,2.7,0,1015.2,Fair
2023-05-10,21:20,20,15,0.73,ENE,2.7,0,1015.2,Fair
2023-05-10,21:50,20,15,0.73,E,2.7,0,1015.2,Fair
2023-05-10,22:20,20,15,0.73,E,3.6,0,1015.2,Fair
2023-05-10,22:50,20,15,0.73,ENE,2.2,0,1015.2,Fair
2023-05-10,23:20,20,15,0.73,E,2.7,0,1016.3,Fair
2023-05-10,23:50,20,15,0.73,E,2.7,0,1016.3,Fair
2023-05-11,00:20,20,15,0.73,E,2.2,0,1015.2,Fair
2023-05-11,00:50,20,15,0.73,E,2.7,0,1015.2,Fair
2023-05-11,01:20,18.9,15,0.78,ENE,2.2,0,1015.2,Fair
2023-05-11,01:50,18.9,16.1,0.83,NE,2.2,0,1015.2,Fair
2023-05-11,02:20,18.9,15,0.78,ENE,2.7,0,1015.2,Fair
2023-05-11,02:50,18.9,15,0.78,NE,2.7,0,1015.2,Fair
2023-05-11,03:20,18.9,15,0.78,NE,3.1,0,1014.6,Cloudy
2023-05-11,03:50,18.9,15,0.78,NE,2.2,0,1014.6,Cloudy
2023-05-11,04:20,18.9,15,0.78,NE,3.1,0,1014.6,Cloudy
2023-05-11,04:50,18.9,16.1,0.83,NE,3.1,0,1014.6,Cloudy
2023-05-11,05:50,18.9,16.1,0.83,NE,2.2,0,1014.6,Mostly Cloudy
2023-05-11,06:50,17.8,15,0.83,E,2.2,0,1014.6,Mostly Cloudy
2023-05-11,07:50,17.8,16.1,0.88,ENE,2.7,0,1014.6,Mostly Cloudy
2023-05-11,08:20,17.8,16.1,0.88,NE,3.1,0,1014.6,Cloudy
2023-05-11,08:50,18.9,16.1,0.83,NE,2.7,0,1014.6,Mostly Cloudy
2023-05-11,09:20,18.9,16.1,0.83,NE,3.1,0,1014.6,Mostly Cloudy
2023-05-11,09:50,18.9,17.2,0.88,NE,3.6,0,1014.6,Mostly Cloudy
2023-05-11,10:20,20,17.2,0.83,NE,3.6,0,1015.2,Mostly Cloudy
2023-05-11,10:50,20,17.2,0.83,NE,4,0,1015.2,Mostly Cloudy
2023-05-11,11:20,20,17.2,0.83,ENE,4.5,0,1015.2,Partly Cloudy
2023-05-11,11:50,20,17.2,0.83,ENE,4,0,1015.2,Partly Cloudy
2023-05-11,12:20,20,17.2,0.83,ENE,4.5,0,1015.2,Fair
2023-05-11,12:50,21.1,17.2,0.78,E,3.6,0,1015.2,Fair
2023-05-11,13:20,21.1,17.2,0.78,ENE,4,0,1014.6,Fair
2023-05-11,13:50,21.1,17.2,0.78,E,4,0,1014.6,Fair
2023-05-11,14:20,21.1,17.2,0.78,ESE,3.6,0,1014.6,Fair
2023-05-11,14:50,21.1,17.2,0.78,E,3.6,0,1014.6,Fair
2023-05-11,15:20,21.1,17.2,0.78,E,4,0,1014.6,Fair
2023-05-11,15:50,21.1,17.2,0.78,E,4,0,1013.5,Fair
2023-05-11,16:20,21.1,17.2,0.78,E,3.6,0,1013.5,Fair
2023-05-11,16:50,22.2,17.2,0.73,E,3.6,0,1013.5,Fair
2023-05-11,17:20,21.1,17.2,0.78,E,3.6,0,1013.5,Fair
2023-05-11,17:50,22.2,17.2,0.73,E,3.6,0,1012.5,Fair
2023-05-11,18:20,21.1,17.2,0.78,E,3.6,0,1012.5,Fair
2023-05-11,18:50,21.1,17.2,0.78,E,3.1,0,1012.5,Fair
2023-05-11,19:20,20,17.2,0.83,E,3.6,0,1012.5,Fair
2023-05-11,19:50,20,17.2,0.83,E,3.1,0,1012.5,Fair
2023-05-11,20:20,21.1,17.2,0.78,E,4,0,1012.5,Fair
2023-05-11,20:50,21.1,17.2,0.78,E,3.1,0,1012.5,Fair
2023-05-11,21:20,20,17.2,0.83,E,3.1,0,1012.5,Fair
2023-05-11,21:50,20,17.8,0.88,ENE,2.7,0,1012.5,Fair
2023-05-11,22:20,18.9,17.8,0.94,ENE,2.7,0,1013.5,Fair
2023-05-11,22:50,18.9,17.8,0.94,NE,1.3,0,1013.5,Fair
2023-05-11,23:20,18.9,17.8,0.94,NE,2.2,0,1013.5,Mostly Cloudy
2023-05-11,23:50,18.9,17.8,0.94,NE,2.2,0,1013.5,Cloudy
2023-05-12,00:20,18.9,17.2,0.88,NE,2.2,0,1013.5,Cloudy
2023-05-12,00:50,18.9,17.8,0.94,NE,2.2,0,1013.5,Cloudy
2023-05-12,01:20,18.9,17.8,0.94,NNE,3.1,0,1013.5,Cloudy
2023-05-12,01:50,18.9,17.8,0.94,NE,4,0,1013.5,Mostly Cloudy
2023-05-12,02:20,18.9,17.2,0.88,NE,5.4,0,1013.5,Mostly Cloudy
2023-05-12,02:50,18.9,17.2,0.88,NE,4,0,1013.5,Cloudy
2023-05-12,03:20,18.9,17.2,0.88,NE,4,0,1013.5,Mostly Cloudy
2023-05-12,03:50,18.9,17.2,0.88,NE,3.1,0,1013.5,Fair
2023-05-12,04:20,17.8,17.2,0.94,ENE,2.2,0,1012.5,Mostly Cloudy
2023-05-12,04:50,17.8,17.2,0.94,NE,2.7,0,1012.5,Mostly Cloudy
2023-05-12,05:20,17.8,17.2,0.94,E,2.2,0,1012.5,Mostly Cloudy
2023-05-12,05:50,17.8,17.2,0.94,NNE,0.9,0,1012.5,Fair
2023-05-12,06:50,17.8,17.2,0.94,E,1.3,0,1012.5,Partly Cloudy
2023-05-12,07:50,17.8,17.2,0.94,ENE,1.3,0,1013.5,Mostly Cloudy
2023-05-12,08:50,18.9,17.2,0.88,ENE,2.2,0,1013.5,Mostly Cloudy
2023-05-12,09:20,18.9,17.2,0.88,NE,3.6,0,1013.5,Mostly Cloudy
2023-05-12,09:50,20,17.2,0.83,NNE,4,0,1013.5,Partly Cloudy
2023-05-12,10:20,20,17.2,0.83,NE,4,0,1013.5,Fair
2023-05-12,10:50,20,17.2,0.83,NE,3.6,0,1013.5,Fair
2023-05-12,11:20,20,17.2,0.83,ENE,4,0,1013.5,Fair
2023-05-12,11:50,21.1,17.2,0.78,ENE,3.6,0,1013.5,Fair
2023-05-12,12:20,21.1,17.2,0.78,NE,3.1,0,1013.5,Fair
2023-05-12,12:50,21.1,16.1,0.73,ENE,3.6,0,1013.5,Fair
2023-05-12,13:20,21.1,16.1,0.73,ENE,3.6,0,1013.5,Fair
2023-05-12,13:50,21.1,16.1,0.73,E,4,0,1012.5,Fair
2023-05-12,14:20,22.2,17.2,0.73,E,3.6,0,1012.5,Fair
2023-05-12,14:50,21.1,17.2,0.78,E,3.6,0,1012.5,Fair
2023-05-12,15:20,22.2,16.1,0.69,E,3.6,0,1012.5,Fair
2023-05-12,15:50,22.8,13.9,0.57,E,4,0,1011.5,Fair
2023-05-12,16:20,22.8,13.9,0.57,E,3.6,0,1011.5,Fair
2023-05-12,16:50,22.8,13.9,0.57,ESE,4,0,1010.5,Fair
2023-05-12,17:20,23.9,12.8,0.5,ESE,4.5,0,1010.5,Fair
2023-05-12,17:50,22.8,12.8,0.53,ESE,3.6,0,1010.5,Fair
2023-05-12,18:20,22.8,13.9,0.57,S,3.1,0,1010.5,Fair
2023-05-12,18:50,22.8,13.9,0.57,SSW,3.6,0,1010.5,Fair
2023-05-12,19:20,22.8,16.1,0.65,S,3.6,0,1009.5,Fair
2023-05-12,19:50,22.8,17.2,0.69,SSW,4.5,0,1009.5,Fair
2023-05-12,20:20,22.8,17.2,0.69,SSW,4,0,1009.5,Fair
2023-05-12,20:50,22.2,16.1,0.69,SSW,4,0,1009.5,Fair
2023-05-12,21:20,22.2,13.9,0.6,SSW,4,0,1010.5,Fair
2023-05-12,21:50,22.2,12.2,0.53,WSW,3.1,0,1010.5,Fair
2023-05-12,22:20,21.1,12.2,0.56,WSW,3.1,0,1010.5,Fair
2023-05-12,22:50,21.1,10,0.49,WSW,3.1,0,1011.5,Fair
2023-05-12,23:20,21.1,8.9,0.46,W,3.1,0,1011.5,Fair
2023-05-12,23:50,20,10,0.52,SSW,0.4,0,1011.5,Fair
2023-05-13,00:20,21.1,10,0.49,E,0.4,0,1011.5,Fair
2023-05-13,00:50,20,10,0.52,NNE,3.6,0,1011.5,Fair
2023-05-13,01:20,18.9,16.1,0.83,ENE,2.7,0,1011.5,Fair
2023-05-13,01:50,18.9,16.1,0.83,ENE,2.2,0,1011.5,Mostly Cloudy
2023-05-13,02:20,18.9,16.1,0.83,NNE,2.2,0,1011.5,Fair
2023-05-13,02:50,18.9,16.1,0.83,NNE,2.7,0,1011.5,Fair
2023-05-13,03:20,17.8,15,0.83,NW,1.3,0,1011.5,Fair
2023-05-13,03:50,17.8,15,0.83,W,1.3,0,1011.5,Fair
2023-05-13,04:20,17.8,15,0.83,NNW,0.4,0,1011.5,Fair
2023-05-13,04:50,18.9,17.2,0.88,NE,3.1,0,1011.5,Cloudy
2023-05-13,05:20,18.9,17.2,0.88,ENE,3.1,0,1011.5,Cloudy
2023-05-13,05:50,17.8,17.2,0.94,NE,2.2,0,1012.5,Mostly Cloudy
2023-05-13,06:50,17.8,16.1,0.88,NNW,0.9,0,1012.5,Partly Cloudy
2023-05-13,07:50,17.8,16.1,0.88,NNE,2.2,0,1013.5,Mostly Cloudy
2023-05-13,08:20,18.9,16.1,0.83,E,8.9,0,1013.5,Cloudy
2023-05-13,08:50,18.9,16.1,0.83,E,6.3,0,1013.5,Light Rain Shower
2023-05-13,09:20,18.9,16.1,0.83,ENE,3.6,8.9,1014.6,Rain Shower
2023-05-13,09:50,17.8,16.1,0.88,ENE,5.8,0,1014.6,Light Rain Shower
2023-05-13,10:01,17.2,15,0.88,ENE,7.2,13.9,1014.6,Rain Shower
2023-05-13,10:07,17.2,15,0.88,ENE,8,13.9,1015.2,Rain Shower
2023-05-13,10:20,17.2,15,0.88,E,7.2,0,1015.2,Light Rain Shower
2023-05-13,10:27,17.8,16.1,0.88,E,7.2,0,1015.2,Light Rain Shower
2023-05-13,10:50,17.8,15,0.83,NE,5.4,0,1015.2,Mostly Cloudy
2023-05-13,11:20,18.9,15,0.78,ENE,6.7,0,1015.2,Mostly Cloudy
2023-05-13,11:50,18.9,15,0.78,ENE,6.3,0,1015.2,Partly Cloudy
2023-05-13,12:20,20,15,0.73,E,5.8,0,1015.2,Partly Cloudy
2023-05-13,12:50,20,13.9,0.68,ENE,5.4,0,1016.3,Mostly Cloudy
2023-05-13,13:20,20,13.9,0.68,E,5.4,0,1016.3,Fair
2023-05-13,13:50,20,13.9,0.68,E,4.5,0,1016.3,Partly Cloudy
2023-05-13,14:20,20,13.9,0.68,E,5.4,0,1016.3,Fair
2023-05-13,14:50,21.1,13.9,0.64,E,4.5,0,1016.3,Fair
2023-05-13,15:20,21.1,13.9,0.64,E,4.5,0,1016.3,Fair
2023-05-13,15:50,21.1,13.9,0.64,E,4,0,1016.3,Fair
2023-05-13,16:20,20,13.9,0.68,E,3.6,0,1016.3,Fair
2023-05-13,16:50,21.1,15,0.68,E,5.4,0,1016.3,Fair
2023-05-13,17:20,20,15,0.73,ESE,5.4,0,1016.3,Fair
2023-05-13,17:50,20,15,0.73,E,5.4,0,1016.3,Fair
2023-05-13,18:20,20,15,0.73,E,5.4,0,1016.3,Fair
2023-05-13,18:50,20,13.9,0.68,ESE,4,0,1016.3,Fair
2023-05-13,19:20,20,13.9,0.68,ESE,3.6,0,1016.3,Fair
2023-05-13,19:50,18.9,15,0.78,ESE,4.5,0,1016.3,Fair
2023-05-13,20:20,18.9,13.9,0.73,ESE,5.4,0,1016.3,Partly Cloudy
2023-05-13,20:50,18.9,15,0.78,ESE,4.5,0,1017.3,Fair
2023-05-13,21:20,18.9,15,0.78,ESE,4.5,0,1017.3,Partly Cloudy
2023-05-13,21:50,18.9,15,0.78,E,4,0,1017.3,Partly Cloudy
2023-05-13,22:20,18.9,15,0.78,E,5.4,0,1018.3,Mostly Cloudy
2023-05-13,22:50,18.9,15,0.78,E,6.3,0,1018.3,Partly Cloudy
2023-05-13,23:20,18.9,15,0.78,E,6.3,0,1018.3,Fair
2023-05-13,23:50,18.9,15,0.78,E,6.7,0,1018.3,Mostly Cloudy
2023-05-14,00:20,18.9,15,0.78,E,5.8,0,1018.3,Cloudy
2023-05-14,00:50,18.9,15,0.78,E,5.4,0,1018.3,Partly Cloudy
2023-05-14,01:20,18.9,16.1,0.83,E,5.8,0,1018.3,Mostly Cloudy
2023-05-14,01:50,17.8,15,0.83,ENE,5.4,0,1018.3,Cloudy
2023-05-14,02:20,17.8,15,0.83,ENE,5.4,0,1018.3,Partly Cloudy
2023-05-14,02:50,17.8,15,0.83,NE,5.4,0,1018.3,Cloudy
2023-05-14,03:20,17.8,15,0.83,NE,4,0,1017.3,Fair
2023-05-14,03:50,17.8,15,0.83,NE,5.4,0,1017.3,Partly Cloudy
2023-05-14,04:20,17.8,15,0.83,NE,4,0,1017.3,Cloudy
2023-05-14,04:50,17.8,15,0.83,NE,4,0,1017.3,Fair
2023-05-14,05:20,17.8,15,0.83,NE,4,0,1017.3,Fair
2023-05-14,05:50,17.8,13.9,0.77,NE,3.1,0,1017.3,Fair
2023-05-14,06:50,17.2,13.9,0.82,NE,0.9,0,1017.3,Fair
2023-05-14,07:50,17.2,13.9,0.82,NE,2.2,0,1017.3,Fair
2023-05-14,08:50,17.8,13.9,0.77,NE,2.7,0,1018.3,Fair
2023-05-14,09:20,17.8,13.9,0.77,NE,2.7,0,1018.3,Partly Cloudy
2023-05-14,09:50,17.8,12.8,0.73,NE,2.2,0,1018.3,Fair
2023-05-14,10:20,18.9,12.8,0.68,NE,2.7,0,1018.3,Fair
2023-05-14,10:50,20,12.8,0.64,NE,2.7,0,1019.3,Fair
2023-05-14,11:20,20,13.9,0.68,ENE,2.7,0,1019.3,Fair
2023-05-14,11:50,20,13.9,0.68,E,3.1,0,1019.3,Fair
2023-05-14,12:20,20,13.9,0.68,ESE,3.6,0,1018.3,Fair
2023-05-14,12:50,20,13.9,0.68,ESE,3.6,0,1018.3,Fair
2023-05-14,13:20,21.1,13.9,0.64,ESE,4,0,1018.3,Fair
2023-05-14,13:50,22.2,13.9,0.6,SE,4,0,1018.3,Fair
2023-05-14,14:20,22.2,13.9,0.6,SE,3.6,0,1018.3,Fair
2023-05-14,14:50,22.8,12.2,0.5,SSW,3.6,0,1017.3,Fair
2023-05-14,15:20,23.9,12.2,0.47,SSE,3.1,0,1017.3,Fair
2023-05-14,15:50,22.8,11.1,0.47,SSW,5.4,0,1017.3,Fair
2023-05-14,16:20,22.8,12.8,0.53,S,6.7,0,1017.3,Fair
2023-05-14,16:50,22.8,13.9,0.57,S,7.2,0,1016.3,Fair
2023-05-14,17:20,22.8,13.9,0.57,S,6.3,11.6,1016.3,Fair
2023-05-14,17:50,23.9,13.9,0.53,SSW,5.4,0,1016.3,Fair
2023-05-14,18:20,26.1,7.8,0.32,SW,4.5,0,1016.3,Fair
2023-05-14,18:50,27.2,7.2,0.28,WSW,6.3,0,1016.3,Fair
2023-05-14,19:20,26.1,3.9,0.24,WSW,7.2,0,1016.3,Fair
2023-05-14,19:50,26.1,3.9,0.24,WSW,6.3,0,1016.3,Fair
2023-05-14,20:20,25,5,0.28,WSW,5.4,10.3,1016.3,Fair
2023-05-14,20:50,22.8,8.9,0.41,W,6.3,0,1017.3,Fair
2023-05-14,21:20,21.1,12.2,0.56,W,6.3,0,1017.3,Fair
2023-05-14,21:50,21.1,12.2,0.56,W,7.2,0,1017.3,Fair
2023-05-14,22:20,22.2,10,0.46,WSW,5.8,0,1018.3,Fair
2023-05-14,22:50,22.2,10,0.46,WSW,6.3,0,1018.3,Fair
2023-05-14,23:20,21.1,11.1,0.53,W,5.4,0,1018.3,Fair
2023-05-14,23:50,20,12.2,0.6,W,6.7,0,1018.3,Fair
2023-05-15,00:20,21.1,11.1,0.53,WSW,5.4,0,1018.3,Fair
2023-05-15,00:50,20,12.2,0.6,W,6.3,0,1018.3,Fair
2023-05-15,01:20,20,12.2,0.6,W,5.8,0,1018.3,Fair
2023-05-15,01:50,20,12.8,0.64,W,4.5,0,1018.3,Fair
2023-05-15,02:20,20,12.2,0.6,SW,4.5,0,1017.3,Fair
2023-05-15,02:50,20,11.1,0.56,WSW,4.5,0,1017.3,Fair
2023-05-15,03:20,20,11.1,0.56,W,4.5,0,1017.3,Fair
2023-05-15,03:50,18.9,12.8,0.68,W,5.4,0,1016.3,Fair
2023-05-15,04:20,20,12.8,0.64,W,5.8,0,1016.3,Fair
2023-05-15,04:50,18.9,12.2,0.64,W,5.8,0,1016.3,Fair
2023-05-15,05:20,18.9,12.2,0.64,SW,5.4,0,1016.3,Fair
2023-05-15,05:50,18.9,12.8,0.68,WSW,4,0,1016.3,Fair
2023-05-15,06:50,18.9,12.2,0.64,SW,4.5,0,1016.3,Fair
2023-05-15,07:50,18.9,12.2,0.64,SW,4,0,1016.3,Fair
2023-05-15,08:50,20,12.2,0.6,WSW,4.5,0,1016.3,Fair
2023-05-15,09:20,20,12.8,0.64,WSW,4,0,1016.3,Fair
2023-05-15,09:50,20,12.2,0.6,WSW,3.6,0,1016.3,Fair
2023-05-15,10:20,21.1,12.8,0.6,WSW,3.6,0,1016.3,Fair
2023-05-15,10:50,22.2,13.9,0.6,SSW,5.4,0,1016.3,Fair
2023-05-15,11:20,22.2,13.9,0.6,SSW,4.5,0,1016.3,Fair
2023-05-15,11:50,22.8,15,0.61,SSW,4.5,0,1016.3,Fair
2023-05-15,12:20,23.9,13.9,0.53,SSW,4,0,1016.3,Fair
2023-05-15,12:50,23.9,13.9,0.53,S,5.4,0,1016.3,Fair
2023-05-15,13:20,25,13.9,0.5,SSW,4,0,1015.2,Fair
2023-05-15,13:50,26.1,12.8,0.44,W,6.7,0,1015.2,Fair
2023-05-15,14:20,27.2,12.2,0.39,WSW,5.8,0,1015.2,Fair
2023-05-15,14:50,27.2,11.1,0.37,W,7.2,0,1015.2,Fair
2023-05-15,15:20,27.2,12.2,0.39,W,6.7,0,1015.2,Fair
2023-05-15,15:50,27.2,12.2,0.39,WSW,6.7,0,1014.6,Fair
2023-05-15,16:20,23.9,12.8,0.5,SSW,6.7,0,1014.6,Fair
2023-05-15,16:50,26.1,12.8,0.44,SSW,5.4,0,1014.6,Fair
2023-05-15,17:20,25,15,0.54,SSW,6.7,0,1014.6,Fair
2023-05-15,17:50,25,13.9,0.5,SSW,6.3,0,1014.6,Fair
2023-05-15,18:20,25,12.2,0.44,SW,5.4,0,1014.6,Fair
2023-05-15,18:50,25,12.8,0.47,WSW,4.5,0,1014.6,Fair
2023-05-15,19:20,26.1,12.2,0.42,SW,4,0,1014.6,Fair
2023-05-15,19:50,23.9,12.2,0.47,W,6.7,0,1014.6,Fair
2023-05-15,20:20,23.9,11.1,0.44,W,6.3,0,1014.6,Fair
2023-05-15,20:50,23.9,10,0.41,WSW,5.4,0,1014.6,Fair
2023-05-15,21:20,22.8,8.9,0.41,WSW,4.5,0,1014.6,Fair
2023-05-15,21:50,22.2,11.1,0.5,W,5.4,0,1014.6,Fair
2023-05-15,22:20,22.2,11.1,0.5,W,6.7,0,1014.6,Fair
2023-05-15,22:50,22.2,11.1,0.5,W,6.7,0,1014.6,Fair
2023-05-15,23:20,22.2,10,0.46,W,5.8,0,1015.2,Fair
2023-05-15,23:50,22.2,8.9,0.43,W,5.8,0,1014.6,Fair
2023-05-16,00:20,22.2,10,0.46,W,7.2,0,1014.6,Fair
2023-05-16,00:50,21.1,10,0.49,W,8,0,1014.6,Fair
2023-05-16,01:20,21.1,11.1,0.53,W,5.8,0,1014.6,Fair
2023-05-16,01:50,21.1,10,0.49,WSW,5.4,0,1014.6,Fair
2023-05-16,02:20,21.1,8.9,0.46,WSW,5.4,0,1013.5,Fair
2023-05-16,02:50,21.1,7.8,0.43,SW,4.5,0,1013.5,Fair
2023-05-16,03:20,21.1,7.2,0.4,SW,4.5,0,1012.5,Fair
2023-05-16,03:50,21.1,8.9,0.46,WSW,4,0,1012.5,Fair
2023-05-16,04:20,21.1,8.9,0.46,WSW,4.5,0,1012.5,Fair
2023-05-16,04:50,21.1,10,0.49,WSW,4,0,1012.5,Fair
2023-05-16,05:20,20,10,0.52,WSW,5.4,0,1012.5,Fair
2023-05-16,05:50,18.9,10,0.56,SW,4,0,1011.5,Fair
2023-05-16,06:50,18.9,13.9,0.73,WSW,5.4,0,1011.5,Fair
2023-05-16,07:50,17.8,13.9,0.77,WSW,3.1,0,1012.5,Fair
2023-05-16,08:50,18.9,13.9,0.73,SW,3.1,0,1012.5,Fair
2023-05-16,09:20,20,15,0.73,WSW,3.1,0,1012.5,Fair
2023-05-16,09:50,20,13.9,0.68,WSW,2.7,0,1012.5,Fair
2023-05-16,10:20,22.2,12.8,0.57,WSW,2.2,0,1012.5,Fair
2023-05-16,10:50,22.8,13.9,0.57,WSW,2.7,0,1012.5,Fair
2023-05-16,11:20,23.9,12.8,0.5,SW,1.3,0,1012.5,Fair
2023-05-16,11:50,23.9,12.8,0.5,SE,0.9,0,1012.5,Fair
2023-05-16,12:20,25,12.8,0.47,S,2.2,0,1012.5,Partly Cloudy
2023-05-16,12:50,25,7.2,0.32,E,0.9,0,1012.5,Partly Cloudy
2023-05-16,13:20,26.1,6.1,0.28,E,2.7,0,1012.5,Partly Cloudy
2023-05-16,13:50,26.1,6.1,0.28,E,2.7,0,1012.5,Mostly Cloudy
2023-05-16,14:20,26.1,5,0.26,ESE,3.1,0,1012.5,Mostly Cloudy
2023-05-16,14:50,25,6.1,0.29,ESE,3.1,0,1011.5,Mostly Cloudy
2023-05-16,15:20,25,7.2,0.32,E,3.1,0,1011.5,Mostly Cloudy
2023-05-16,15:50,23.9,11.1,0.44,ENE,3.6,0,1011.5,Mostly Cloudy
2023-05-16,16:20,22.8,15,0.61,ENE,4.5,0,1011.5,Mostly Cloudy
2023-05-16,16:50,22.8,15,0.61,ENE,4,0,1010.5,Partly Cloudy
2023-05-16,17:20,22.2,16.1,0.69,ENE,4,0,1010.5,Fair
2023-05-16,17:50,21.1,16.1,0.73,ENE,4,0,1010.5,Fair
2023-05-16,18:20,21.1,16.1,0.73,E,4.5,0,1010.5,Fair
2023-05-16,18:50,21.1,16.1,0.73,E,4.5,0,1010.5,Fair
2023-05-16,19:20,21.1,16.1,0.73,E,5.4,0,1010.5,Fair
2023-05-16,19:50,21.1,16.1,0.73,E,5.4,0,1010.5,Fair
2023-05-16,20:20,20,17.2,0.83,E,5.4,0,1010.5,Partly Cloudy
2023-05-16,20:50,20,16.1,0.78,NE,4.5,0,1010.5,Cloudy
2023-05-16,21:20,20,16.1,0.78,NE,5.8,0,1010.5,Cloudy
2023-05-16,21:50,18.9,16.1,0.83,NE,6.7,0,1010.5,Cloudy
2023-05-16,22:20,18.9,16.1,0.83,NE,5.8,0,1010.5,Cloudy
2023-05-16,22:50,18.9,16.1,0.83,NE,6.3,0,1011.5,Cloudy
2023-05-16,23:20,18.9,17.2,0.88,NE,6.3,0,1011.5,Cloudy
2023-05-16,23:50,18.9,17.2,0.88,ENE,5.8,0,1011.5,Cloudy
2023-05-17,00:20,18.9,16.1,0.83,ENE,7.2,0,1011.5,Cloudy
2023-05-17,00:50,18.9,16.1,0.83,ENE,7.6,0,1011.5,Cloudy
2023-05-17,01:20,18.9,16.1,0.83,ENE,5.8,0,1011.5,Cloudy
2023-05-17,01:50,18.9,15,0.78,NE,5.8,0,1011.5,Cloudy
2023-05-17,02:20,18.9,15,0.78,NE,5.4,0,1011.5,Cloudy
2023-05-17,02:50,18.9,13.9,0.73,NE,5.4,0,1011.5,Cloudy
2023-05-17,03:20,18.9,13.9,0.73,ENE,5.4,0,1010.5,Cloudy
2023-05-17,03:50,18.9,12.8,0.68,ENE,6.3,0,1010.5,Cloudy
2023-05-17,04:20,18.9,12.8,0.68,ENE,5.8,0,1009.5,Cloudy
2023-05-17,04:50,18.9,13.9,0.73,NE,5.8,0,1010.5,Cloudy
2023-05-17,05:20,18.9,15,0.78,NE,5.8,0,1010.5,Cloudy
2023-05-17,05:50,18.9,15,0.78,NE,5.8,0,1010.5,Cloudy
2023-05-17,06:50,18.9,15,0.78,E,4,0,1010.5,Cloudy
2023-05-17,07:50,18.9,15,0.78,E,5.8,0,1010.5,Cloudy
2023-05-17,08:50,18.9,15,0.78,E,5.4,0,1011.5,Cloudy
2023-05-17,09:20,18.9,15,0.78,E,4.5,0,1011.5,Light Rain
2023-05-17,09:50,18.9,13.9,0.73,ESE,4,0,1011.5,Cloudy
2023-05-17,10:20,20,13.9,0.68,SE,4.5,0,1011.5,Light Rain Shower
2023-05-17,10:50,20,13.9,0.68,SE,6.3,11.2,1011.5,Cloudy
2023-05-17,11:20,20,13.9,0.68,SE,6.3,0,1012.5,Cloudy
2023-05-17,11:50,20,15,0.73,SE,4.5,10.3,1012.5,Light Rain Shower
2023-05-17,12:20,20,15,0.73,SE,3.6,11.2,1013.5,Cloudy
2023-05-17,12:50,18.9,13.9,0.73,SSW,6.3,0,1013.5,Cloudy
2023-05-17,13:20,18.9,12.8,0.68,SSW,6.7,0,1013.5,Cloudy
2023-05-17,13:50,18.9,12.2,0.64,S,7.2,0,1013.5,Cloudy
2023-05-17,14:20,18.9,12.2,0.64,SSW,6.7,0,1013.5,Cloudy
2023-05-17,14:50,18.9,11.1,0.6,SSW,5.4,0,1013.5,Light Rain Shower
2023-05-17,15:20,20,11.1,0.56,SSW,4.5,0,1013.5,Cloudy
2023-05-17,15:50,20,11.1,0.56,S,3.1,0,1013.5,Cloudy
2023-05-17,16:20,20,10,0.52,S,4.5,0,1012.5,Cloudy
2023-05-17,16:50,20,8.9,0.49,S,3.1,8,1012.5,Cloudy
2023-05-17,17:20,21.1,10,0.49,E,3.1,0,1012.5,Mostly Cloudy
2023-05-17,17:50,21.1,11.1,0.53,E,4,0,1012.5,Mostly Cloudy
2023-05-17,18:20,18.9,12.2,0.64,ENE,3.6,0,1012.5,Mostly Cloudy
2023-05-17,18:50,18.9,12.8,0.68,ENE,3.1,0,1013.5,Fair
2023-05-17,19:20,18.9,12.8,0.68,E,3.1,0,1013.5,Fair
2023-05-17,19:50,18.9,12.2,0.64,E,3.1,0,1013.5,Fair
2023-05-17,20:20,17.8,13.9,0.77,ENE,3.1,0,1013.5,Fair
2023-05-17,20:50,17.8,12.8,0.73,E,3.1,0,1013.5,Fair
2023-05-17,21:20,17.8,13.9,0.77,ENE,2.7,0,1013.5,Fair
2023-05-17,21:50,17.8,12.8,0.73,ENE,2.7,0,1013.5,Cloudy
2023-05-17,22:20,17.8,13.9,0.77,ENE,3.1,0,1014.6,Cloudy
2023-05-17,22:50,17.8,13.9,0.77,ENE,3.6,0,1014.6,Cloudy
2023-05-17,23:20,17.8,12.8,0.73,NE,2.7,0,1014.6,Cloudy
2023-05-17,23:50,18.9,12.2,0.64,NNE,2.2,0,1014.6,Cloudy
2023-05-18,00:20,18.9,12.2,0.64,ENE,0.4,0,1014.6,Cloudy
2023-05-18,00:50,18.9,11.1,0.6,S,0.9,0,1014.6,Mostly Cloudy
2023-05-18,01:20,18.9,12.2,0.64,WSW,0.9,0,1014.6,Mostly Cloudy
2023-05-18,01:50,17.8,12.2,0.68,NW,1.3,0,1014.6,Cloudy
2023-05-18,02:20,17.8,11.1,0.64,NNE,0.4,0,1014.6,Cloudy
2023-05-18,02:50,17.8,11.1,0.64,CALM,0,0,1013.5,Cloudy
2023-05-18,03:20,17.8,11.1,0.64,WNW,2.2,0,1013.5,Cloudy
2023-05-18,03:50,17.8,11.1,0.64,WSW,1.3,0,1013.5,Cloudy
2023-05-18,04:20,17.8,11.1,0.64,SSW,1.3,0,1013.5,Cloudy
2023-05-18,04:50,17.8,12.2,0.68,W,1.3,0,1013.5,Cloudy
2023-05-18,05:20,17.8,12.2,0.68,WSW,0.9,0,1013.5,Cloudy
2023-05-18,05:50,17.8,12.8,0.73,W,0.9,0,1013.5,Fair
2023-05-18,06:50,17.2,12.2,0.72,NNW,0.9,0,1013.5,Fair
2023-05-18,07:50,17.8,12.2,0.68,NNE,2.2,0,1013.5,Mostly Cloudy
2023-05-18,08:50,17.8,12.2,0.68,NE,3.1,0,1014.6,Mostly Cloudy
2023-05-18,09:20,18.9,12.8,0.68,NNE,3.1,0,1014.6,Mostly Cloudy
2023-05-18,09:50,18.9,12.8,0.68,NE,2.7,0,1014.6,Mostly Cloudy
2023-05-18,10:20,20,13.9,0.68,ESE,4,0,1014.6,Mostly Cloudy
2023-05-18,10:50,20,15,0.73,ESE,4.5,0,1014.6,Mostly Cloudy
2023-05-18,11:20,20,15,0.73,NE,3.1,0,1015.2,Mostly Cloudy
2023-05-18,11:50,20,13.9,0.68,NE,1.3,0,1015.2,Mostly Cloudy
2023-05-18,12:20,20,13.9,0.68,NE,3.1,0,1015.2,Mostly Cloudy
2023-05-18,12:32,20,12.8,0.64,NE,3.6,0,1015.2,Thunder
2023-05-18,12:50,20,12.8,0.64,NE,4,0,1015.2,Thunder
2023-05-18,13:02,17.8,15,0.83,ENE,5.4,13.9,1015.2,T-Storm
2023-05-18,13:11,16.1,12.8,0.82,E,11.2,17.4,1015.2,Heavy T-Storm / Windy
2023-05-18,13:20,15,12.8,0.88,ESE,9.8,17,1015.2,Heavy T-Storm / Windy
2023-05-18,13:50,17.2,12.8,0.77,ESE,2.2,0,1016.3,T-Storm
2023-05-18,13:55,16.1,12.2,0.77,E,5.4,16.1,1016.3,Heavy T-Storm
2023-05-18,13:59,15,12.8,0.88,E,7.6,16.1,1016.3,Heavy T-Storm
2023-05-18,14:10,16.1,12.2,0.77,ESE,6.3,13.4,1016.3,Heavy T-Storm
2023-05-18,14:20,16.1,12.8,0.82,SSE,2.7,0,1015.2,T-Storm
2023-05-18,14:44,17.2,13.9,0.82,S,4.5,0,1015.2,Light Rain with Thunder
2023-05-18,14:50,17.2,13.9,0.82,S,4,0,1015.2,Light Rain with Thunder
2023-05-18,15:20,17.2,13.9,0.82,E,3.1,0,1016.3,T-Storm
2023-05-18,15:50,16.1,12.8,0.82,ESE,4.5,0,1015.2,T-Storm
2023-05-18,16:01,17.2,10,0.63,SE,3.1,0,1015.2,Rain Shower
2023-05-18,16:20,17.2,12.2,0.72,SE,2.7,0,1015.2,Rain Shower
2023-05-18,16:36,16.1,12.8,0.82,ENE,4,0,1015.2,Light Rain with Thunder
2023-05-18,16:50,17.2,13.9,0.82,E,3.1,0,1015.2,T-Storm
2023-05-18,17:07,16.1,13.9,0.88,NE,3.6,0,1015.2,Light Rain Shower
2023-05-18,17:20,16.1,13.9,0.88,NNE,4,0,1015.2,Light Rain Shower
2023-05-18,17:50,16.1,12.8,0.82,NE,7.2,13,1016.3,Light Rain Shower
2023-05-18,18:20,15,12.8,0.88,E,7.6,0,1017.3,Heavy Rain Shower
2023-05-18,18:50,15,12.8,0.88,NE,3.6,0,1017.3,Rain Shower
2023-05-18,19:20,15,12.8,0.88,NNW,0.9,0,1016.3,Light Rain Shower
2023-05-18,19:50,15,12.8,0.88,SW,2.7,0,1016.3,Light Rain Shower
2023-05-18,20:20,16.1,13.9,0.88,WNW,1.3,0,1016.3,Mostly Cloudy
2023-05-18,20:50,15,12.2,0.82,NNW,3.1,8,1016.3,Mostly Cloudy
2023-05-18,21:20,16.1,11.1,0.72,NW,2.2,0,1016.3,Mostly Cloudy
2023-05-18,21:50,15,12.2,0.82,SW,3.6,0,1016.3,Partly Cloudy
2023-05-18,22:20,15,12.2,0.82,WSW,2.7,0,1016.3,Fair
2023-05-18,22:50,15,12.2,0.82,WSW,2.2,0,1016.3,Fair
2023-05-18,23:20,15,12.2,0.82,E,0.9,0,1016.3,Cloudy
2023-05-18,23:50,17.2,12.2,0.72,E,3.1,0,1016.3,Cloudy
2023-05-19,00:20,15,11.1,0.77,NNW,1.3,0,1016.3,Partly Cloudy
2023-05-19,00:50,15,12.2,0.82,W,0.4,0,1016.3,Fair
2023-05-19,01:20,16.1,12.2,0.77,ESE,0.9,0,1016.3,Fair
2023-05-19,01:50,13.9,12.8,0.94,W,2.7,0,1016.3,Fair
2023-05-19,02:20,13.9,12.2,0.88,W,2.7,0,1016.3,Fair
2023-05-19,02:50,13.9,12.2,0.88,W,2.7,0,1016.3,Fair
2023-05-19,03:20,13.9,12.2,0.88,WSW,3.1,0,1016.3,Fair
2023-05-19,03:50,13.9,12.2,0.88,W,3.6,0,1016.3,Fair
2023-05-19,04:20,13.9,11.1,0.82,W,4,0,1016.3,Mostly Cloudy
2023-05-19,04:50,13.9,11.1,0.82,WSW,3.1,0,1016.3,Cloudy
2023-05-19,05:20,13.9,11.1,0.82,WSW,3.6,0,1016.3,Cloudy
2023-05-19,05:50,13.9,11.1,0.82,WSW,2.7,0,1016.3,Fair
2023-05-19,06:50,13.9,11.1,0.82,WSW,2.2,0,1015.2,Fair
2023-05-19,07:50,13.9,11.1,0.82,WSW,2.2,0,1016.3,Fair
2023-05-19,08:50,13.9,11.1,0.82,WSW,2.2,0,1016.3,Fair
2023-05-19,09:20,15,11.1,0.77,WSW,2.2,0,1016.3,Fair
2023-05-19,09:50,16.1,12.2,0.77,WSW,0.9,0,1016.3,Fair
2023-05-19,10:20,17.2,12.8,0.77,W,0.9,0,1016.3,Fair
2023-05-19,10:50,17.8,12.8,0.73,WNW,0.9,0,1016.3,Fair
2023-05-19,11:20,18.9,12.2,0.64,E,2.7,0,1016.3,Fair
2023-05-19,11:50,18.9,12.8,0.68,E,3.1,0,1016.3,Fair
2023-05-19,12:20,20,13.9,0.68,E,2.2,0,1016.3,Fair
2023-05-19,12:50,20,13.9,0.68,ESE,3.6,0,1016.3,Fair
2023-05-19,13:20,21.1,13.9,0.64,ESE,3.6,0,1016.3,Fair
2023-05-19,13:50,21.1,13.9,0.64,ESE,3.6,0,1016.3,Fair
2023-05-19,14:20,21.1,12.8,0.6,ESE,3.1,0,1015.2,Fair
2023-05-19,14:50,22.2,11.1,0.5,SSE,2.2,0,1015.2,Fair
2023-05-19,15:20,22.8,10,0.44,SSW,3.6,0,1014.6,Fair
2023-05-19,15:50,22.8,11.1,0.47,SSW,4,0,1014.6,Fair
2023-05-19,16:20,22.2,12.2,0.53,S,5.4,0,1014.6,Fair
2023-05-19,16:50,22.8,12.2,0.5,S,5.8,0,1013.5,Showers in the Vicinity
2023-05-19,17:20,25,10,0.39,SSW,4.5,0,1013.5,Showers in the Vicinity
2023-05-19,17:50,22.8,10,0.44,SSW,4,0,1013.5,Showers in the Vicinity
2023-05-19,18:20,22.8,8.9,0.41,SSW,3.1,0,1013.5,Partly Cloudy
2023-05-19,18:50,21.1,12.8,0.6,E,4,0,1014.6,Showers in the Vicinity
2023-05-19,19:20,21.1,12.2,0.56,ESE,3.1,0,1013.5,Mostly Cloudy
2023-05-19,19:50,22.2,10,0.46,NW,0.9,0,1013.5,Mostly Cloudy
2023-05-19,20:20,22.8,8.9,0.41,S,2.7,0,1014.6,Showers in the Vicinity
2023-05-19,20:50,22.8,8.9,0.41,W,2.7,0,1014.6,Showers in the Vicinity
2023-05-19,21:20,22.2,11.1,0.5,W,4.5,0,1014.6,Showers in the Vicinity
2023-05-19,21:50,21.1,10,0.49,W,5.4,0,1014.6,Mostly Cloudy
2023-05-19,22:20,21.1,11.1,0.53,W,5.8,0,1014.6,Mostly Cloudy
2023-05-19,22:50,20,10,0.52,W,4.5,0,1015.2,Fair
2023-05-19,23:20,20,11.1,0.56,W,3.1,0,1015.2,Fair
2023-05-19,23:50,18.9,10,0.56,NNW,1.3,0,1015.2,Fair
2023-05-20,00:20,18.9,11.1,0.6,N,2.7,0,1015.2,Fair
2023-05-20,00:50,17.8,13.9,0.77,NNE,3.6,0,1015.2,Fair
2023-05-20,01:20,17.8,13.9,0.77,NNE,3.1,0,1015.2,Partly Cloudy
2023-05-20,01:50,17.8,13.9,0.77,NNE,2.2,0,1015.2,Cloudy
2023-05-20,02:20,17.8,12.8,0.73,N,1.3,0,1014.6,Fair
2023-05-20,02:50,17.2,12.8,0.77,W,2.2,0,1014.6,Fair
2023-05-20,03:20,16.1,12.8,0.82,W,1.3,0,1014.6,Fair
2023-05-20,03:50,17.2,13.9,0.82,SSW,0.4,0,1014.6,Fair
2023-05-20,04:20,16.1,12.2,0.77,WSW,3.6,0,1013.5,Fair
2023-05-20,04:50,16.1,12.8,0.82,W,2.2,0,1013.5,Fair
2023-05-20,05:20,16.1,12.8,0.82,WSW,2.2,0,1013.5,Cloudy
2023-05-20,05:50,16.1,12.8,0.82,WSW,0.9,0,1013.5,Partly Cloudy
2023-05-20,06:50,15,12.2,0.82,W,1.3,0,1012.5,Partly Cloudy
2023-05-20,07:50,16.1,12.2,0.77,WSW,2.7,0,1012.5,Fair
2023-05-20,08:50,16.1,12.8,0.82,WSW,1.3,0,1012.5,Fair
2023-05-20,09:20,17.2,12.8,0.77,WSW,1.3,0,1012.5,Fair
2023-05-20,09:50,17.2,12.8,0.77,WSW,2.7,0,1012.5,Fair
2023-05-20,10:20,17.2,12.8,0.77,W,1.3,0,1012.5,Fair
2023-05-20,10:50,18.9,12.8,0.68,W,0.9,0,1012.5,Fair
2023-05-20,11:20,18.9,13.9,0.73,ESE,2.7,0,1012.5,Fair
2023-05-20,11:50,20,12.8,0.64,SE,1.3,0,1012.5,Fair
2023-05-20,12:20,21.1,12.2,0.56,S,2.7,0,1012.5,Fair
2023-05-20,12:50,21.1,12.2,0.56,SE,3.1,0,1012.5,Fair
2023-05-20,13:20,21.1,12.8,0.6,ESE,3.1,0,1012.5,Partly Cloudy
2023-05-20,13:50,21.1,13.9,0.64,SE,3.1,0,1012.5,Fair
2023-05-20,14:20,21.1,12.8,0.6,ESE,4,0,1011.5,Fair
2023-05-20,14:50,22.2,12.8,0.57,SE,5.4,0,1011.5,Fair
2023-05-20,15:20,22.2,13.9,0.6,SE,3.6,0,1011.5,Fair
2023-05-20,15:50,22.8,11.1,0.47,S,5.4,0,1010.5,Fair
2023-05-20,16:20,23.9,10,0.41,S,4.5,0,1010.5,Fair
2023-05-20,16:50,22.8,11.1,0.47,S,6.3,11.2,1010.5,Fair
2023-05-20,17:20,22.8,11.1,0.47,S,6.7,11.6,1010.5,Partly Cloudy
2023-05-20,17:50,22.8,12.2,0.5,S,5.8,0,1010.5,Partly Cloudy
2023-05-20,18:20,22.2,12.2,0.53,S,5.4,0,1010.5,Fair
2023-05-20,18:50,22.2,13.9,0.6,S,4.5,0,1010.5,Fair
2023-05-20,19:20,22.2,13.9,0.6,S,4.5,0,1010.5,Fair
2023-05-20,19:50,22.2,13.9,0.6,S,4,0,1010.5,Fair
2023-05-20,20:20,20,12.8,0.64,SE,7.6,0,1010.5,Fair
2023-05-20,20:50,20,12.2,0.6,SE,7.6,0,1010.5,Fair
2023-05-20,21:20,20,12.2,0.6,SE,4,0,1010.5,Fair
2023-05-20,21:50,20,13.9,0.68,SE,5.4,0,1010.5,Fair
2023-05-20,22:20,20,13.9,0.68,ESE,4.5,0,1010.5,Fair
2023-05-20,22:50,18.9,15,0.78,E,3.6,0,1010.5,Fair
2023-05-20,23:20,18.9,15,0.78,ENE,3.1,0,1011.5,Fair
2023-05-20,23:50,17.8,15,0.83,NE,3.1,0,1011.5,Fair
2023-05-21,00:20,17.8,15,0.83,NE,2.7,0,1010.5,Fair
2023-05-21,00:50,17.8,16.1,0.88,ENE,2.2,0,1010.5,Fair
2023-05-21,01:20,17.8,16.1,0.88,NE,3.6,0,1010.5,Mostly Cloudy
2023-05-21,01:50,18.9,16.1,0.83,ENE,3.6,0,1010.5,Cloudy
2023-05-21,02:20,17.8,16.1,0.88,ENE,4.5,0,1009.5,Mostly Cloudy
2023-05-21,02:50,18.9,16.1,0.83,E,4.5,0,1009.5,Partly Cloudy
2023-05-21,03:20,18.9,16.1,0.83,E,4.5,0,1009.5,Mostly Cloudy
2023-05-21,03:50,17.8,16.1,0.88,ENE,5.8,0,1009.5,Mostly Cloudy
2023-05-21,04:20,17.8,16.1,0.88,ENE,5.8,0,1008.5,Partly Cloudy
2023-05-21,04:50,17.8,15,0.83,ENE,7.6,0,1008.5,Partly Cloudy
2023-05-21,05:20,17.8,15,0.83,ENE,7.2,0,1008.5,Cloudy
2023-05-21,05:50,17.8,15,0.83,ENE,5.4,0,1007.5,Partly Cloudy
2023-05-21,06:50,17.8,15,0.83,NE,5.4,0,1007.5,Showers in the Vicinity
2023-05-21,07:50,17.8,15,0.83,NE,4.5,0,1008.5,Cloudy
2023-05-21,08:50,18.9,16.1,0.83,E,5.4,0,1008.5,Mostly Cloudy
2023-05-21,09:20,17.8,16.1,0.88,ENE,6.3,0,1007.5,Light Rain Shower
2023-05-21,09:44,16.1,13.9,0.88,ESE,5.4,12.5,1008.5,Light Rain Shower
2023-05-21,09:50,17.2,13.9,0.82,ESE,5.4,12.5,1008.5,Light Rain Shower
2023-05-21,10:09,17.2,11.1,0.68,SSW,6.3,13.9,1008.5,Light Rain with Thunder
2023-05-21,10:20,17.8,10,0.59,S,5.4,10.7,1008.5,Thunder
2023-05-21,10:50,17.8,11.1,0.64,E,3.6,8.9,1008.5,Cloudy
2023-05-21,11:20,17.8,11.1,0.64,ESE,3.1,9.4,1009.5,Mostly Cloudy
2023-05-21,11:50,17.2,12.8,0.77,ESE,4.5,0,1009.5,Mostly Cloudy
2023-05-21,12:20,17.8,11.1,0.64,E,4.5,0,1009.5,Mostly Cloudy
2023-05-21,12:50,17.8,11.1,0.64,E,5.8,0,1009.5,Light Rain Shower
2023-05-21,13:20,17.8,11.1,0.64,E,4.5,0,1009.5,Mostly Cloudy
2023-05-21,13:50,17.2,12.2,0.72,ENE,4,0,1010.5,Mostly Cloudy
2023-05-21,14:20,17.2,12.2,0.72,ENE,4.5,0,1009.5,Light Rain Shower
2023-05-21,14:50,17.2,12.8,0.77,ENE,5.8,0,1009.5,Light Rain
2023-05-21,15:20,17.2,13.9,0.82,E,5.8,0,1009.5,Rain Shower
2023-05-21,15:41,17.2,13.9,0.82,ENE,5.8,0,1009.5,Cloudy
2023-05-21,15:50,17.2,13.9,0.82,ENE,5.8,0,1009.5,Cloudy
2023-05-21,16:20,17.2,12.8,0.77,ENE,5.8,0,1009.5,Cloudy
2023-05-21,16:50,17.2,13.9,0.82,ENE,5.8,0,1009.5,Light Rain Shower
2023-05-21,17:20,17.2,13.9,0.82,ENE,4.5,0,1009.5,Light Rain Shower
2023-05-21,17:50,17.2,13.9,0.82,NE,5.4,0,1009.5,Light Rain Shower
2023-05-21,18:20,17.2,12.8,0.77,ENE,4,0,1009.5,Mostly Cloudy
2023-05-21,18:50,17.2,12.8,0.77,ENE,5.4,0,1009.5,Light Rain Shower
2023-05-21,19:20,17.2,12.8,0.77,E,5.4,0,1009.5,Light Rain Shower
2023-05-21,19:50,17.2,12.8,0.77,ENE,5.4,0,1009.5,Light Rain Shower
2023-05-21,20:20,17.2,12.8,0.77,ENE,5.4,0,1009.5,Light Rain Shower
2023-05-21,20:50,17.2,13.9,0.82,ENE,4.5,0,1009.5,Light Rain Shower
2023-05-21,21:20,17.2,13.9,0.82,E,4.5,0,1009.5,Light Rain Shower
2023-05-21,21:50,17.2,13.9,0.82,ESE,3.1,0,1009.5,Mostly Cloudy
2023-05-21,22:20,17.2,13.9,0.82,E,4,0,1010.5,Mostly Cloudy
2023-05-21,22:50,17.2,13.9,0.82,ESE,3.1,0,1010.5,Rain
2023-05-21,23:20,17.2,13.9,0.82,ESE,2.2,0,1010.5,Rain
2023-05-21,23:50,17.2,13.9,0.82,ESE,2.2,0,1010.5,Light Rain
2023-05-22,00:20,17.2,15,0.88,E,3.6,0,1010.5,Light Rain
2023-05-22,00:50,17.2,13.9,0.82,ESE,2.7,0,1010.5,Light Rain
2023-05-22,01:20,17.2,13.9,0.82,ESE,2.7,0,1010.5,Light Rain
2023-05-22,01:50,17.2,15,0.88,E,3.1,0,1010.5,Cloudy
2023-05-22,02:20,17.2,15,0.88,E,3.6,0,1010.5,Mostly Cloudy
2023-05-22,02:50,17.2,15,0.88,ESE,2.2,0,1010.5,Mostly Cloudy
2023-05-22,03:20,17.2,15,0.88,E,1.3,0,1010.5,Light Drizzle
2023-05-22,03:50,17.2,15,0.88,E,2.2,0,1010.5,Mostly Cloudy
2023-05-22,04:20,17.2,13.9,0.82,NNE,3.1,0,1010.5,Mostly Cloudy
2023-05-22,04:50,16.1,13.9,0.88,NNE,5.4,0,1009.5,Mostly Cloudy
2023-05-22,05:20,16.1,12.8,0.82,NNE,4,0,1009.5,Cloudy
2023-05-22,05:50,16.1,12.8,0.82,NE,3.6,0,1010.5,Mostly Cloudy
2023-05-22,06:50,16.1,12.8,0.82,NE,4.5,0,1010.5,Mostly Cloudy
2023-05-22,07:50,16.1,12.8,0.82,NNE,4.5,0,1010.5,Mostly Cloudy
2023-05-22,08:50,16.1,12.2,0.77,NE,2.7,0,1010.5,Mostly Cloudy
2023-05-22,09:20,16.1,12.2,0.77,NE,1.3,0,1010.5,Mostly Cloudy
2023-05-22,09:50,17.2,12.2,0.72,NE,1.3,0,1010.5,Mostly Cloudy
2023-05-22,10:20,17.2,12.2,0.72,NE,0.9,0,1011.5,Mostly Cloudy
2023-05-22,10:50,17.8,12.2,0.68,E,0.9,0,1011.5,Mostly Cloudy
2023-05-22,11:20,17.8,11.1,0.64,E,2.7,0,1010.5,Mostly Cloudy
2023-05-22,11:50,17.8,11.1,0.64,E,2.2,0,1010.5,Partly Cloudy
2023-05-22,12:20,17.8,11.1,0.64,E,3.1,0,1010.5,Partly Cloudy
2023-05-22,12:50,18.9,11.1,0.6,E,3.6,0,1010.5,Partly Cloudy
2023-05-22,13:20,17.8,11.1,0.64,E,4,0,1010.5,Partly Cloudy
2023-05-22,13:50,18.9,12.2,0.64,E,4,0,1010.5,Showers in the Vicinity
2023-05-22,14:20,18.9,12.2,0.64,ESE,4.5,0,1010.5,Showers in the Vicinity
2023-05-22,14:50,18.9,12.2,0.64,E,4,0,1010.5,Mostly Cloudy
2023-05-22,15:20,18.9,10,0.56,E,2.7,0,1010.5,Showers in the Vicinity
2023-05-22,15:50,18.9,11.1,0.6,E,3.1,0,1010.5,Partly Cloudy
2023-05-22,16:20,20,11.1,0.56,E,3.1,0,1010.5,Partly Cloudy
2023-05-22,16:50,18.9,11.1,0.6,ESE,4,0,1010.5,Mostly Cloudy
2023-05-22,17:20,18.9,11.1,0.6,ESE,3.6,0,1010.5,Mostly Cloudy
2023-05-22,17:50,18.9,12.2,0.64,ESE,5.4,0,1010.5,Mostly Cloudy
2023-05-22,18:20,18.9,12.8,0.68,ESE,3.1,0,1010.5,Partly Cloudy
2023-05-22,18:50,18.9,12.8,0.68,ESE,3.6,0,1010.5,Mostly Cloudy
2023-05-22,19:20,18.9,12.8,0.68,ESE,3.6,0,1010.5,Partly Cloudy
2023-05-22,19:50,17.8,12.8,0.73,SE,2.7,0,1010.5,Partly Cloudy
2023-05-22,20:20,17.8,12.8,0.73,E,2.7,0,1010.5,Partly Cloudy
2023-05-22,20:50,17.8,12.8,0.73,ESE,1.3,0,1010.5,Partly Cloudy
2023-05-22,21:20,17.8,12.8,0.73,ESE,1.3,0,1010.5,Partly Cloudy
2023-05-22,21:50,17.8,12.8,0.73,ESE,0.9,0,1010.5,Partly Cloudy
2023-05-22,22:20,17.2,12.8,0.77,NNE,0.9,0,1011.5,Fair
2023-05-22,22:50,17.2,12.8,0.77,NNE,1.3,0,1011.5,Fair
2023-05-22,23:20,17.2,12.8,0.77,NE,1.3,0,1011.5,Mostly Cloudy
2023-05-22,23:50,17.2,12.8,0.77,NE,1.3,0,1011.5,Cloudy
2023-05-23,00:20,17.2,13.9,0.82,NE,0.4,0,1011.5,Cloudy
2023-05-23,00:50,17.2,13.9,0.82,NE,0.4,0,1012.5,Cloudy
2023-05-23,01:20,17.2,12.8,0.77,NNE,0.9,0,1011.5,Mostly Cloudy
2023-05-23,01:50,17.2,12.8,0.77,W,2.2,0,1011.5,Mostly Cloudy
2023-05-23,02:20,16.1,13.9,0.88,WNW,3.1,0,1011.5,Light Rain
2023-05-23,02:50,16.1,13.9,0.88,NW,2.2,0,1011.5,Light Rain
2023-05-23,03:20,16.1,13.9,0.88,W,2.7,0,1010.5,Light Rain
2023-05-23,03:50,16.1,13.9,0.88,W,2.7,0,1010.5,Light Rain
2023-05-23,04:20,16.1,13.9,0.88,W,3.6,0,1010.5,Cloudy
2023-05-23,04:50,16.1,13.9,0.88,W,4,0,1009.5,Cloudy
2023-05-23,05:20,16.1,12.8,0.82,W,3.6,0,1009.5,Mostly Cloudy
2023-05-23,05:50,16.1,12.8,0.82,W,3.1,0,1009.5,Fair
2023-05-23,06:50,16.1,12.8,0.82,W,2.7,0,1009.5,Mostly Cloudy
2023-05-23,07:50,16.1,12.8,0.82,WNW,3.1,0,1009.5,Mostly Cloudy
2023-05-23,08:50,16.1,12.8,0.82,W,4.5,0,1009.5,Mostly Cloudy
2023-05-23,09:20,16.1,12.8,0.82,W,3.1,0,1009.5,Mostly Cloudy
2023-05-23,09:50,17.2,12.8,0.77,W,3.6,0,1009.5,Mostly Cloudy
2023-05-23,10:20,17.2,13.9,0.82,W,4,0,1009.5,Mostly Cloudy
2023-05-23,10:50,17.2,13.9,0.82,W,4.5,0,1010.5,Mostly Cloudy
2023-05-23,11:20,17.8,12.8,0.73,W,3.6,0,1010.5,Mostly Cloudy
2023-05-23,11:50,17.8,12.8,0.73,W,2.7,0,1010.5,Mostly Cloudy
2023-05-23,12:20,18.9,12.8,0.68,W,1.3,0,1009.5,Mostly Cloudy
2023-05-23,12:50,18.9,12.8,0.68,SSW,1.3,0,1010.5,Showers in the Vicinity
2023-05-23,13:20,17.8,12.8,0.73,SSW,3.6,0,1010.5,Showers in the Vicinity
2023-05-23,13:30,17.8,13.9,0.77,SSW,3.1,0,1010.5,Light Rain Shower
2023-05-23,13:37,17.2,15,0.88,SW,3.1,0,1010.5,Heavy Rain Shower
2023-05-23,13:50,16.1,13.9,0.88,SW,3.1,0,1010.5,Heavy Rain Shower
2023-05-23,14:20,16.1,15,0.94,SSW,1.3,0,1010.5,Rain Shower
2023-05-23,14:25,16.1,13.9,0.88,SSW,1.3,0,1010.5,Light Rain Shower
2023-05-23,14:50,17.2,15,0.88,SSW,2.2,0,1010.5,Light Rain Shower
2023-05-23,15:20,17.2,15,0.88,SSW,3.1,0,1010.5,Light Rain Shower
2023-05-23,15:50,17.2,15,0.88,SW,2.7,0,1010.5,Light Rain Shower
2023-05-23,16:20,17.2,15,0.88,SW,3.1,0,1010.5,Light Rain Shower
2023-05-23,16:50,17.2,15,0.88,W,3.1,0,1010.5,Light Rain Shower
2023-05-23,17:20,16.1,13.9,0.88,W,4,0,1010.5,Light Rain Shower
2023-05-23,17:50,16.1,13.9,0.88,WSW,4,0,1010.5,Light Rain Shower
2023-05-23,18:20,17.2,13.9,0.82,W,4.5,0,1010.5,Light Rain Shower
2023-05-23,18:50,17.2,15,0.88,SW,3.6,0,1010.5,Light Rain Shower
2023-05-23,19:20,17.2,13.9,0.82,WSW,3.1,0,1010.5,Mostly Cloudy
2023-05-23,19:50,17.2,13.9,0.82,W,3.1,0,1010.5,Mostly Cloudy
2023-05-23,20:20,17.2,13.9,0.82,WNW,3.1,0,1010.5,Showers in the Vicinity
2023-05-23,20:50,17.2,13.9,0.82,WNW,3.1,0,1010.5,Mostly Cloudy
2023-05-23,21:20,17.2,13.9,0.82,W,3.6,0,1010.5,Partly Cloudy
2023-05-23,21:50,17.2,13.9,0.82,W,3.1,0,1011.5,Fair
2023-05-23,22:20,17.2,13.9,0.82,WNW,0.9,0,1011.5,Partly Cloudy
2023-05-23,22:50,17.2,13.9,0.82,NW,1.3,0,1011.5,Cloudy
2023-05-23,23:20,17.2,13.9,0.82,NW,1.3,0,1012.5,Mostly Cloudy
2023-05-23,23:50,16.1,13.9,0.88,N,0.9,0,1012.5,Cloudy
2023-05-24,00:20,16.1,12.8,0.82,NNW,0.9,0,1012.5,Mostly Cloudy
2023-05-24,00:50,16.1,13.9,0.88,SW,0.9,0,1012.5,Cloudy
2023-05-24,01:20,16.1,13.9,0.88,W,0.9,0,1012.5,Cloudy
2023-05-24,01:50,16.1,13.9,0.88,WNW,1.3,0,1012.5,Mostly Cloudy
2023-05-24,02:20,16.1,13.9,0.88,W,2.7,0,1012.5,Mostly Cloudy
2023-05-24,02:50,16.1,13.9,0.88,W,0.9,0,1012.5,Mostly Cloudy
2023-05-24,03:20,16.1,13.9,0.88,W,0.4,0,1011.5,Mostly Cloudy
2023-05-24,03:50,16.1,13.9,0.88,W,1.3,0,1012.5,Partly Cloudy
2023-05-24,04:20,16.1,13.9,0.88,WSW,2.2,0,1011.5,Fair
2023-05-24,04:50,15,12.8,0.88,WSW,1.3,0,1011.5,Fair
2023-05-24,05:20,15,12.8,0.88,WSW,2.7,0,1011.5,Fair
2023-05-24,05:50,15,12.8,0.88,WNW,1.3,0,1011.5,Fair
2023-05-24,06:50,13.9,12.2,0.88,W,0.9,0,1012.5,Fair
2023-05-24,07:50,15,12.8,0.88,SSW,0.4,0,1012.5,Fair
2023-05-24,08:50,15,12.8,0.88,W,2.2,0,1013.5,Fair
2023-05-24,09:20,16.1,12.8,0.82,W,2.2,0,1013.5,Fair
2023-05-24,09:50,16.1,12.8,0.82,W,0.9,0,1013.5,Fair
2023-05-24,10:20,17.8,13.9,0.77,W,0.9,0,1013.5,Fair
2023-05-24,10:50,18.9,13.9,0.73,E,0.9,0,1013.5,Fair
2023-05-24,11:20,17.8,12.8,0.73,E,2.2,0,1013.5,Fair
2023-05-24,11:50,18.9,13.9,0.73,E,2.7,0,1013.5,Fair
2023-05-24,12:20,18.9,13.9,0.73,E,3.1,0,1013.5,Fair
2023-05-24,12:50,18.9,13.9,0.73,E,3.6,0,1013.5,Fair
2023-05-24,13:20,18.9,13.9,0.73,E,3.6,0,1013.5,Fair
2023-05-24,13:50,21.1,13.9,0.64,SE,2.2,0,1013.5,Fair
2023-05-24,14:20,20,12.8,0.64,ESE,3.6,0,1013.5,Fair
2023-05-24,14:50,21.1,12.8,0.6,ESE,2.7,0,1013.5,Fair
2023-05-24,15:20,20,13.9,0.68,ESE,5.4,0,1013.5,Fair
2023-05-24,15:50,21.1,13.9,0.64,ESE,4.5,0,1013.5,Fair
2023-05-24,16:20,21.1,13.9,0.64,ESE,5.4,0,1013.5,Fair
2023-05-24,16:50,22.2,12.8,0.57,SE,3.1,0,1013.5,Fair
2023-05-24,17:20,22.2,12.8,0.57,SE,3.1,0,1013.5,Fair
2023-05-24,17:50,22.2,13.9,0.6,SE,4,0,1012.5,Fair
2023-05-24,18:20,22.2,12.8,0.57,S,2.7,0,1012.5,Fair
2023-05-24,18:50,21.1,13.9,0.64,ESE,3.1,0,1013.5,Fair
2023-05-24,19:20,21.1,13.9,0.64,SE,3.1,0,1013.5,Fair
2023-05-24,19:50,21.1,15,0.68,SE,3.6,0,1013.5,Fair
2023-05-24,20:20,21.1,13.9,0.64,ESE,3.6,0,1013.5,Fair
2023-05-24,20:50,21.1,15,0.68,SE,3.1,0,1013.5,Fair
2023-05-24,21:20,20,13.9,0.68,ESE,2.7,0,1013.5,Fair
2023-05-24,21:50,20,15,0.73,SE,2.2,0,1013.5,Fair
2023-05-24,22:20,20,15,0.73,ESE,2.2,0,1014.6,Fair
2023-05-24,22:50,20,15,0.73,ESE,4,0,1014.6,Fair
2023-05-24,23:20,18.9,16.1,0.83,ENE,3.1,0,1014.6,Fair
2023-05-24,23:50,17.8,16.1,0.88,NE,3.1,0,1014.6,Fair
2023-05-25,00:20,17.8,16.1,0.88,NNE,2.2,0,1015.2,Fair
2023-05-25,00:50,17.8,16.1,0.88,ESE,0.9,0,1015.2,Fair
2023-05-25,01:20,17.8,16.1,0.88,E,0.9,0,1015.2,Fair
2023-05-25,01:50,17.8,16.1,0.88,E,0.9,0,1015.2,Fair
2023-05-25,02:20,17.8,16.1,0.88,ENE,0.4,0,1015.2,Fair
2023-05-25,02:50,17.8,16.1,0.88,E,0.9,0,1014.6,Fair
2023-05-25,03:20,17.8,16.1,0.88,ENE,1.3,0,1014.6,Mostly Cloudy
2023-05-25,03:50,17.8,15,0.83,ESE,0.9,0,1014.6,Cloudy
2023-05-25,04:20,17.8,15,0.83,E,0.9,0,1014.6,Mostly Cloudy
2023-05-25,04:50,17.2,15,0.88,E,0.9,0,1014.6,Mostly Cloudy
2023-05-25,05:20,17.2,15,0.88,ESE,0.4,0,1014.6,Cloudy
2023-05-25,05:50,17.2,15,0.88,E,0.9,0,1014.6,Partly Cloudy
2023-05-25,06:50,16.1,13.9,0.88,WNW,0.4,0,1014.6,Partly Cloudy
2023-05-25,07:50,16.1,13.9,0.88,W,0.9,0,1015.2,Fair
2023-05-25,08:50,17.2,15,0.88,W,0.9,0,1015.2,Fair
2023-05-25,09:20,17.8,15,0.83,W,0.9,0,1015.2,Fair
2023-05-25,09:50,18.9,15,0.78,ENE,1.3,0,1015.2,Fair
2023-05-25,10:20,18.9,15,0.78,ENE,2.2,0,1016.3,Fair
2023-05-25,10:50,18.9,15,0.78,E,2.2,0,1016.3,Fair
2023-05-25,11:20,20,15,0.73,ENE,2.7,0,1016.3,Fair
2023-05-25,11:50,20,15,0.73,E,3.1,0,1016.3,Fair
2023-05-25,12:20,20,15,0.73,E,3.1,0,1016.3,Fair
2023-05-25,12:50,21.1,15,0.68,E,3.6,0,1016.3,Fair
2023-05-25,13:20,21.1,15,0.68,E,4,0,1016.3,Fair
2023-05-25,13:50,21.1,16.1,0.73,E,4.5,0,1015.2,Fair
2023-05-25,14:20,22.2,15,0.64,E,5.4,0,1015.2,Fair
2023-05-25,14:50,21.1,15,0.68,E,4.5,0,1015.2,Fair
2023-05-25,15:20,22.2,15,0.64,E,5.4,0,1015.2,Fair
2023-05-25,15:50,22.2,15,0.64,ESE,5.4,0,1015.2,Fair
2023-05-25,16:20,22.2,13.9,0.6,ESE,4,0,1014.6,Fair
2023-05-25,16:50,22.2,15,0.64,ESE,3.1,0,1014.6,Fair
2023-05-25,17:20,22.8,13.9,0.57,ESE,3.1,0,1013.5,Fair
2023-05-25,17:50,22.8,15,0.61,ESE,3.6,0,1013.5,Fair
2023-05-25,18:20,22.2,15,0.64,E,4,0,1013.5,Fair
2023-05-25,18:50,22.2,16.1,0.69,E,4,0,1013.5,Fair
2023-05-25,19:20,22.2,15,0.64,E,5.4,0,1012.5,Fair
2023-05-25,19:50,21.1,15,0.68,ESE,3.6,0,1012.5,Fair
2023-05-25,20:20,21.1,15,0.68,E,4.5,0,1012.5,Fair
2023-05-25,20:50,21.1,15,0.68,ESE,4.5,0,1012.5,Fair
2023-05-25,21:20,21.1,15,0.68,SE,2.2,0,1012.5,Fair
2023-05-25,21:50,21.1,15,0.68,SE,1.3,0,1012.5,Fair
2023-05-25,22:20,21.1,15,0.68,S,2.2,0,1013.5,Fair
2023-05-25,22:50,20,13.9,0.68,SSE,2.2,0,1013.5,Fair
2023-05-25,23:20,21.1,13.9,0.64,SE,2.2,0,1013.5,Fair
2023-05-25,23:50,20,15,0.73,ESE,0.9,0,1013.5,Fair
2023-05-26,00:20,20,15,0.73,ESE,2.7,0,1013.5,Fair
2023-05-26,00:50,20,15,0.73,N,1.3,0,1013.5,Fair
2023-05-26,01:20,20,16.1,0.78,NW,1.3,0,1013.5,Fair
2023-05-26,01:50,18.9,16.1,0.83,ENE,3.1,0,1013.5,Fair
2023-05-26,02:20,18.9,16.1,0.83,NE,3.1,0,1013.5,Fair
2023-05-26,02:50,17.8,16.1,0.88,NE,2.7,0,1013.5,Fair
2023-05-26,03:20,18.9,16.1,0.83,NE,3.1,0,1013.5,Fair
2023-05-26,03:50,18.9,16.1,0.83,NE,2.7,0,1013.5,Fair
2023-05-26,04:20,17.8,16.1,0.88,NNE,2.7,0,1012.5,Fair
2023-05-26,04:50,18.9,16.1,0.83,NE,1.3,0,1012.5,Mostly Cloudy
2023-05-26,05:50,17.8,15,0.83,NE,2.2,0,1012.5,Partly Cloudy
2023-05-26,06:50,17.8,16.1,0.88,NE,3.1,0,1013.5,Mostly Cloudy
2023-05-26,07:50,18.9,17.2,0.88,E,4.5,0,1013.5,Partly Cloudy
2023-05-26,08:20,18.9,17.2,0.88,ENE,5.4,0,1013.5,Cloudy
2023-05-26,08:50,18.9,17.2,0.88,ENE,5.4,0,1014.6,Mostly Cloudy
2023-05-26,09:20,20,17.2,0.83,NE,4.5,0,1014.6,Partly Cloudy
2023-05-26,09:50,20,17.2,0.83,ENE,6.3,0,1014.6,Partly Cloudy
2023-05-26,10:20,20,17.2,0.83,ENE,6.7,0,1014.6,Partly Cloudy
2023-05-26,10:50,18.9,17.2,0.88,NE,5.4,10.3,1014.6,Partly Cloudy
2023-05-26,11:20,20,17.2,0.83,ENE,5.8,0,1015.2,Partly Cloudy
2023-05-26,11:50,21.1,17.2,0.78,ENE,5.8,0,1015.2,Partly Cloudy
2023-05-26,12:20,20,17.2,0.83,ENE,6.3,0,1015.2,Mostly Cloudy
2023-05-26,12:50,20,17.2,0.83,ENE,5.8,0,1015.2,Mostly Cloudy
2023-05-26,13:20,20,17.2,0.83,ENE,5.8,0,1015.2,Mostly Cloudy
2023-05-26,13:50,21.1,17.2,0.78,ENE,5.4,0,1015.2,Partly Cloudy
2023-05-26,14:20,22.2,17.2,0.73,ENE,5.4,0,1015.2,Partly Cloudy
2023-05-26,14:50,21.1,17.2,0.78,E,4.5,0,1015.2,Partly Cloudy
2023-05-26,15:20,21.1,17.2,0.78,ENE,5.8,0,1014.6,Mostly Cloudy
2023-05-26,15:50,21.1,17.2,0.78,E,5.4,0,1014.6,Mostly Cloudy
2023-05-26,16:20,21.1,17.2,0.78,E,5.4,0,1014.6,Mostly Cloudy
2023-05-26,16:50,21.1,17.8,0.83,E,4.5,0,1014.6,Partly Cloudy
2023-05-26,17:20,21.1,17.2,0.78,E,5.4,0,1014.6,Partly Cloudy
2023-05-26,17:50,21.1,17.2,0.78,ESE,4,0,1013.5,Fair
2023-05-26,18:20,21.1,17.2,0.78,E,5.4,0,1013.5,Fair
2023-05-26,18:50,21.1,17.2,0.78,ESE,4.5,0,1013.5,Partly Cloudy
2023-05-26,19:20,21.1,17.8,0.83,E,5.4,0,1013.5,Partly Cloudy
2023-05-26,19:50,21.1,17.2,0.78,E,4.5,0,1013.5,Mostly Cloudy
2023-05-26,20:20,20,17.8,0.88,E,4,0,1013.5,Mostly Cloudy
2023-05-26,20:50,20,17.8,0.88,ENE,4.5,0,1013.5,Mostly Cloudy
2023-05-26,21:20,20,17.8,0.88,ENE,5.4,0,1013.5,Mostly Cloudy
2023-05-26,21:50,20,17.8,0.88,ENE,5.8,0,1013.5,Mostly Cloudy
2023-05-26,22:20,20,17.8,0.88,ENE,5.4,0,1013.5,Mostly Cloudy
2023-05-26,22:50,20,17.8,0.88,E,6.3,0,1014.6,Partly Cloudy
2023-05-26,23:20,20,17.8,0.88,E,5.8,0,1014.6,Cloudy
2023-05-26,23:50,20,17.8,0.88,E,6.3,0,1014.6,Cloudy
2023-05-27,00:20,18.9,17.2,0.88,NE,6.3,0,1013.5,Cloudy
2023-05-27,00:50,20,17.2,0.83,ENE,5.8,0,1014.6,Cloudy
2023-05-27,01:20,20,17.2,0.83,ESE,5.8,0,1015.2,Light Rain
2023-05-27,01:50,18.9,17.8,0.94,E,7.6,0,1014.6,Light Rain
2023-05-27,02:20,18.9,17.8,0.94,E,5.8,0,1013.5,Heavy Rain
2023-05-27,02:50,18.9,17.8,0.94,ENE,4,0,1014.6,Mostly Cloudy
2023-05-27,03:20,18.9,17.8,0.94,E,4,0,1014.6,Light Rain
2023-05-27,03:50,18.9,17.8,0.94,ESE,7.6,0,1013.5,Light Rain
2023-05-27,04:20,18.9,17.8,0.94,E,6.3,0,1013.5,Light Drizzle
2023-05-27,04:50,18.9,17.2,0.88,E,4.5,0,1013.5,Light Rain
2023-05-27,05:20,18.9,17.2,0.88,E,7.2,12.5,1013.5,Light Drizzle
2023-05-27,05:50,18.9,17.2,0.88,ESE,3.1,0,1013.5,Mostly Cloudy
2023-05-27,06:50,18.9,16.1,0.83,ENE,2.2,0,1013.5,Partly Cloudy
2023-05-27,07:50,18.9,15,0.78,E,0.9,0,1013.5,Mostly Cloudy
2023-05-27,08:50,18.9,17.2,0.88,SW,1.3,0,1013.5,Mostly Cloudy
2023-05-27,09:20,18.9,17.2,0.88,SSW,2.2,0,1013.5,Mostly Cloudy
2023-05-27,09:50,20,16.1,0.78,SSW,1.3,0,1013.5,Mostly Cloudy
2023-05-27,10:20,20,15,0.73,WSW,2.7,0,1013.5,Fair
2023-05-27,10:50,21.1,13.9,0.64,S,2.7,0,1013.5,Mostly Cloudy
2023-05-27,11:20,22.2,13.9,0.6,S,3.1,0,1014.6,Mostly Cloudy
2023-05-27,11:50,22.2,15,0.64,S,4,0,1014.6,Mostly Cloudy
2023-05-27,12:20,22.2,16.1,0.69,S,4,0,1014.6,Cloudy
2023-05-27,12:50,22.2,16.1,0.69,S,5.4,0,1014.6,Mostly Cloudy
2023-05-27,13:20,22.2,17.2,0.73,SSW,5.8,0,1014.6,Mostly Cloudy
2023-05-27,13:50,22.2,16.1,0.69,S,5.4,0,1014.6,Mostly Cloudy
2023-05-27,14:20,22.2,16.1,0.69,SSW,5.4,0,1014.6,Mostly Cloudy
2023-05-27,14:50,22.2,16.1,0.69,SSW,6.3,0,1014.6,Mostly Cloudy
2023-05-27,15:20,22.2,16.1,0.69,SSW,5.4,0,1014.6,Mostly Cloudy
2023-05-27,15:50,22.2,16.1,0.69,SSW,5.4,0,1014.6,Mostly Cloudy
2023-05-27,16:20,22.8,13.9,0.57,SW,4.5,0,1014.6,Mostly Cloudy
2023-05-27,16:50,22.2,15,0.64,SSW,5.4,0,1014.6,Mostly Cloudy
2023-05-27,17:20,22.8,12.8,0.53,SW,4.5,0,1014.6,Mostly Cloudy
2023-05-27,17:50,22.8,13.9,0.57,WSW,3.6,0,1014.6,Mostly Cloudy
2023-05-27,18:20,22.2,13.9,0.6,W,5.4,0,1014.6,Mostly Cloudy
2023-05-27,18:50,22.2,15,0.64,W,5.4,0,1014.6,Mostly Cloudy
2023-05-27,19:20,22.2,15,0.64,W,5.4,0,1014.6,Mostly Cloudy
2023-05-27,19:50,21.1,13.9,0.64,W,4.5,0,1014.6,Mostly Cloudy
2023-05-27,20:20,22.2,12.8,0.57,WSW,6.7,0,1014.6,Partly Cloudy
2023-05-27,20:50,22.2,12.8,0.57,SW,4.5,0,1014.6,Fair
2023-05-27,21:20,22.2,13.9,0.6,WSW,5.4,0,1014.6,Cloudy
2023-05-27,21:50,21.1,15,0.68,WSW,4.5,0,1014.6,Cloudy
2023-05-27,22:20,21.1,15,0.68,WSW,3.6,0,1015.2,Cloudy
2023-05-27,22:50,20,15,0.73,W,5.4,0,1015.2,Cloudy
2023-05-27,23:20,20,15,0.73,W,4,0,1015.2,Mostly Cloudy
2023-05-27,23:50,20,16.1,0.78,WNW,3.6,0,1015.2,Partly Cloudy
2023-05-28,00:20,18.9,16.1,0.83,W,4,0,1015.2,Fair
2023-05-28,00:50,20,15,0.73,WSW,4.5,0,1015.2,Fair
2023-05-28,01:20,18.9,15,0.78,WSW,4,0,1015.2,Fair
2023-05-28,01:50,18.9,15,0.78,W,3.6,0,1015.2,Fair
2023-05-28,02:20,18.9,15,0.78,WSW,4,0,1015.2,Fair
2023-05-28,02:50,18.9,15,0.78,WSW,4,0,1015.2,Fair
2023-05-28,03:20,18.9,15,0.78,WSW,4,0,1015.2,Fair
2023-05-28,03:50,17.8,15,0.83,WSW,3.6,0,1015.2,Fair
2023-05-28,04:20,17.8,15,0.83,SW,3.6,0,1014.6,Fair
2023-05-28,04:50,17.8,15,0.83,W,4.5,0,1014.6,Fair
2023-05-28,05:20,17.8,15,0.83,W,4,0,1014.6,Fair
2023-05-28,05:50,17.8,15,0.83,W,3.1,0,1014.6,Fair
2023-05-28,06:20,17.8,15,0.83,W,4.5,0,1014.6,Fair
2023-05-28,06:50,17.8,15,0.83,WSW,2.7,0,1014.6,Fair
2023-05-28,07:20,17.8,15,0.83,W,4,0,1014.6,Fair
2023-05-28,07:50,17.8,15,0.83,W,4,0,1014.6,Fair
2023-05-28,08:50,17.8,15,0.83,W,3.6,0,1014.6,Fair
2023-05-28,09:20,18.9,15,0.78,WSW,3.1,0,1014.6,Fair
2023-05-28,09:50,20,15,0.73,WSW,2.7,0,1014.6,Fair
2023-05-28,10:20,21.1,15,0.68,WSW,2.2,0,1015.2,Fair
2023-05-28,10:50,21.1,15,0.68,SW,2.2,0,1015.2,Fair
2023-05-28,11:20,21.1,15,0.68,SSW,4.5,0,1015.2,Partly Cloudy
2023-05-28,11:50,21.1,16.1,0.73,SSW,5.4,0,1015.2,Partly Cloudy
2023-05-28,12:20,22.2,16.1,0.69,SSW,4,0,1015.2,Mostly Cloudy
2023-05-28,12:50,22.8,15,0.61,WSW,5.4,0,1015.2,Partly Cloudy
2023-05-28,13:20,22.2,15,0.64,SW,3.6,0,1015.2,Light Rain
2023-05-28,13:50,22.2,15,0.64,W,7.2,0,1014.6,Partly Cloudy
2023-05-28,14:20,23.9,13.9,0.53,WSW,6.3,0,1014.6,Fair
2023-05-28,14:50,22.8,13.9,0.57,SW,5.4,0,1014.6,Partly Cloudy
2023-05-28,15:20,23.9,13.9,0.53,SW,5.8,0,1014.6,Fair
2023-05-28,15:50,23.9,13.9,0.53,SW,5.4,0,1014.6,Fair
2023-05-28,16:20,22.8,13.9,0.57,SW,5.4,0,1014.6,Fair
2023-05-28,16:50,23.9,12.8,0.5,WSW,5.4,0,1014.6,Partly Cloudy
2023-05-28,17:20,22.8,12.8,0.53,W,8.9,0,1014.6,Fair
2023-05-28,17:50,22.2,12.8,0.57,W,9.4,0,1013.5,Fair / Windy
2023-05-28,18:20,22.2,12.8,0.57,W,9.4,0,1014.6,Fair / Windy
2023-05-28,18:50,22.8,12.8,0.53,W,9.4,14.3,1014.6,Fair / Windy
2023-05-28,19:20,22.2,13.9,0.6,W,10.3,15.6,1014.6,Fair / Windy
2023-05-28,19:50,22.2,13.9,0.6,W,9.4,0,1014.6,Fair / Windy
2023-05-28,20:20,22.2,13.9,0.6,WSW,8.9,0,1014.6,Fair
2023-05-28,20:50,22.2,13.9,0.6,WSW,7.6,0,1014.6,Fair
2023-05-28,21:20,21.1,15,0.68,W,7.6,0,1014.6,Fair
2023-05-28,21:50,21.1,15,0.68,W,7.2,0,1015.2,Fair
2023-05-28,22:20,20,15,0.73,W,9.4,0,1015.2,Fair / Windy
2023-05-28,22:50,20,15,0.73,W,7.2,0,1015.2,Fair
2023-05-28,23:20,20,15,0.73,W,5.8,0,1015.2,Fair
2023-05-28,23:50,20,15,0.73,W,7.2,0,1015.2,Fair
2023-05-29,00:20,20,15,0.73,W,7.2,0,1015.2,Fair
2023-05-29,00:50,18.9,15,0.78,W,5.4,0,1015.2,Fair
2023-05-29,01:20,18.9,15,0.78,W,5.4,0,1015.2,Fair
2023-05-29,01:50,18.9,15,0.78,WSW,4.5,0,1015.2,Fair
2023-05-29,02:20,18.9,15,0.78,W,4,0,1014.6,Fair
2023-05-29,02:50,18.9,15,0.78,W,4.5,0,1014.6,Fair
2023-05-29,03:20,18.9,15,0.78,WSW,4.5,0,1014.6,Fair
2023-05-29,03:50,18.9,15,0.78,WSW,4.5,0,1014.6,Partly Cloudy
2023-05-29,04:20,18.9,15,0.78,SW,4.5,0,1013.5,Partly Cloudy
2023-05-29,04:50,18.9,15,0.78,WSW,5.4,0,1013.5,Fair
2023-05-29,05:20,18.9,15,0.78,WSW,4,0,1013.5,Fair
2023-05-29,05:50,18.9,15,0.78,WSW,4.5,0,1013.5,Fair
2023-05-29,06:50,18.9,15,0.78,SW,3.1,0,1013.5,Fair
2023-05-29,07:50,17.8,15,0.83,W,4,0,1013.5,Fair
2023-05-29,08:50,18.9,13.9,0.73,W,5.8,0,1014.6,Fair
2023-05-29,09:20,18.9,13.9,0.73,W,5.4,0,1014.6,Fair
2023-05-29,09:50,20,15,0.73,W,5.4,0,1014.6,Fair
2023-05-29,10:20,21.1,15,0.68,W,4.5,0,1014.6,Fair
2023-05-29,10:50,21.1,15,0.68,W,3.6,0,1014.6,Fair
2023-05-29,11:20,22.2,12.8,0.57,WSW,4,0,1014.6,Partly Cloudy
2023-05-29,11:50,22.8,12.8,0.53,W,5.4,0,1014.6,Fair
2023-05-29,12:20,23.9,12.2,0.47,WSW,4,0,1014.6,Fair
2023-05-29,12:50,23.9,12.2,0.47,WSW,4,0,1014.6,Partly Cloudy
2023-05-29,13:20,22.8,13.9,0.57,SSW,5.8,0,1014.6,Mostly Cloudy
2023-05-29,13:50,23.9,13.9,0.53,SSW,5.4,0,1014.6,Fair
2023-05-29,14:20,22.8,15,0.61,S,5.4,0,1014.6,Fair
2023-05-29,14:50,22.8,13.9,0.57,S,5.4,0,1013.5,Fair
2023-05-29,15:20,23.9,13.9,0.53,SSW,5.8,0,1013.5,Fair
2023-05-29,15:50,23.9,12.8,0.5,SSW,5.4,0,1013.5,Fair
2023-05-29,16:20,23.9,12.2,0.47,SSW,4.5,9.8,1013.5,Fair
2023-05-29,16:50,26.1,10,0.36,WSW,6.3,0,1012.5,Fair
2023-05-29,17:20,25,10,0.39,WSW,6.3,0,1012.5,Fair
2023-05-29,17:50,22.8,12.2,0.5,W,7.2,0,1012.5,Fair
2023-05-29,18:20,22.8,12.2,0.5,W,7.2,0,1012.5,Fair
2023-05-29,18:50,23.9,12.2,0.47,WSW,7.2,0,1012.5,Fair
2023-05-29,19:20,22.8,12.2,0.5,W,7.6,0,1012.5,Fair
2023-05-29,19:50,22.8,12.8,0.53,W,7.6,0,1012.5,Fair
2023-05-29,20:20,22.2,13.9,0.6,W,7.2,0,1013.5,Fair
2023-05-29,20:50,21.1,13.9,0.64,W,7.2,0,1013.5,Fair
2023-05-29,21:20,21.1,13.9,0.64,W,6.7,11.6,1013.5,Fair
2023-05-29,21:50,21.1,13.9,0.64,W,6.3,0,1013.5,Fair
2023-05-29,22:20,20,15,0.73,W,6.3,0,1013.5,Fair
2023-05-29,22:50,20,15,0.73,W,6.3,0,1013.5,Fair
2023-05-29,23:20,20,15,0.73,WNW,6.7,0,1014.6,Fair
2023-05-29,23:50,18.9,15,0.78,W,7.2,0,1014.6,Fair
2023-05-30,00:20,18.9,15,0.78,W,7.6,0,1014.6,Fair
2023-05-30,00:50,18.9,15,0.78,WSW,6.3,0,1014.6,Fair
2023-05-30,01:20,18.9,15,0.78,WSW,6.7,0,1014.6,Fair
2023-05-30,01:50,18.9,15,0.78,SW,5.8,0,1014.6,Fair
2023-05-30,02:20,18.9,16.1,0.83,W,6.3,0,1014.6,Fair
2023-05-30,02:50,18.9,15,0.78,W,5.8,0,1014.6,Fair
2023-05-30,03:20,18.9,16.1,0.83,W,5.4,0,1013.5,Fair
2023-05-30,03:50,18.9,15,0.78,WSW,5.4,0,1013.5,Fair
2023-05-30,04:20,18.9,15,0.78,WSW,5.8,0,1013.5,Fair
2023-05-30,04:50,18.9,15,0.78,WSW,6.3,0,1013.5,Fair
2023-05-30,05:20,18.9,15,0.78,WSW,5.4,0,1013.5,Fair
2023-05-30,05:50,18.9,15,0.78,W,4,0,1013.5,Fair
2023-05-30,06:50,18.9,16.1,0.83,W,4,0,1014.6,Fair
2023-05-30,07:50,18.9,15,0.78,W,3.1,0,1014.6,Fair
2023-05-30,08:50,20,15,0.73,WSW,3.1,0,1015.2,Fair
2023-05-30,09:20,20,15,0.73,SW,3.1,0,1015.2,Fair
2023-05-30,09:50,21.1,16.1,0.73,SW,4.5,0,1016.3,Fair
2023-05-30,10:20,21.1,15,0.68,WSW,3.1,0,1016.3,Fair
2023-05-30,10:50,22.2,15,0.64,SW,5.4,0,1016.3,Fair
2023-05-30,11:20,22.8,15,0.61,SW,5.4,0,1016.3,Fair
2023-05-30,11:50,22.8,15,0.61,WSW,5.8,0,1016.3,Fair
2023-05-30,12:20,22.8,15,0.61,WSW,6.3,0,1017.3,Fair
2023-05-30,12:50,22.8,13.9,0.57,WSW,6.3,0,1017.3,Fair
2023-05-30,13:20,23.9,12.8,0.5,SW,5.4,0,1017.3,Fair
2023-05-30,13:50,23.9,13.9,0.53,SSW,5.8,10.7,1017.3,Fair
2023-05-30,14:20,26.1,12.2,0.42,SW,4.5,0,1016.3,Fair
2023-05-30,14:50,23.9,12.2,0.47,W,6.3,0,1016.3,Fair
2023-05-30,15:20,25,11.1,0.41,WSW,6.3,0,1016.3,Fair
2023-05-30,15:50,25,11.1,0.41,WSW,6.3,0,1016.3,Fair
2023-05-30,16:20,26.1,11.1,0.39,WSW,6.7,0,1015.2,Fair
2023-05-30,16:50,26.1,11.1,0.39,WSW,8,0,1015.2,Fair
2023-05-30,17:20,26.1,11.1,0.39,W,7.2,0,1015.2,Fair
2023-05-30,17:50,25,12.2,0.44,WSW,7.2,0,1015.2,Fair
2023-05-30,18:20,26.1,11.1,0.39,WSW,7.2,0,1015.2,Fair
2023-05-30,18:50,23.9,11.1,0.44,WSW,7.6,0,1015.2,Fair
2023-05-30,19:20,22.8,12.2,0.5,W,7.2,0,1015.2,Fair
2023-05-30,19:50,22.8,12.8,0.53,W,6.7,0,1015.2,Fair
2023-05-30,20:20,22.2,13.9,0.6,W,6.3,0,1015.2,Fair
2023-05-30,20:50,22.2,13.9,0.6,W,6.3,0,1016.3,Fair
2023-05-30,21:20,21.1,13.9,0.64,W,7.6,0,1016.3,Fair
2023-05-30,21:50,21.1,15,0.68,W,6.7,0,1016.3,Fair
2023-05-30,22:20,20,15,0.73,W,7.2,0,1016.3,Fair
2023-05-30,22:50,20,15,0.73,W,7.2,0,1016.3,Fair
2023-05-30,23:20,20,15,0.73,W,8,0,1016.3,Fair
2023-05-30,23:50,20,15,0.73,W,9.4,0,1016.3,Fair / Windy
2023-05-31,00:20,18.9,16.1,0.83,W,7.2,0,1016.3,Fair
2023-05-31,00:50,18.9,16.1,0.83,W,7.6,0,1016.3,Fair
2023-05-31,01:20,18.9,16.1,0.83,W,6.7,0,1016.3,Fair
2023-05-31,01:50,18.9,16.1,0.83,W,7.6,0,1016.3,Fair
2023-05-31,02:20,18.9,16.1,0.83,W,8,0,1016.3,Fair
2023-05-31,02:50,18.9,16.1,0.83,W,7.6,0,1015.2,Fair
2023-05-31,03:20,18.9,16.1,0.83,W,6.7,0,1015.2,Fair
2023-05-31,03:50,18.9,16.1,0.83,W,6.7,0,1015.2,Fair
2023-05-31,04:20,18.9,16.1,0.83,W,6.7,0,1015.2,Fair
2023-05-31,04:50,18.9,16.1,0.83,W,6.7,0,1015.2,Fair
2023-05-31,05:20,18.9,16.1,0.83,WSW,5.8,0,1015.2,Fair
2023-05-31,05:50,18.9,15,0.78,WSW,3.6,0,1015.2,Fair
2023-05-31,06:50,18.9,15,0.78,SW,4,0,1015.2,Fair
2023-05-31,07:50,18.9,15,0.78,WSW,3.6,0,1015.2,Fair
2023-05-31,08:50,18.9,15,0.78,WSW,4.5,0,1015.2,Fair
2023-05-31,09:20,18.9,15,0.78,W,4,0,1015.2,Fair
2023-05-31,09:50,20,15,0.73,WSW,3.6,0,1015.2,Fair
2023-05-31,10:20,22.2,15,0.64,SW,3.6,0,1015.2,Fair
2023-05-31,10:50,22.8,15,0.61,SSW,3.1,0,1015.2,Fair
2023-05-31,11:20,22.8,15,0.61,SW,3.1,0,1014.6,Fair
2023-05-31,11:50,22.8,16.1,0.65,SSW,4,0,1014.6,Fair
2023-05-31,12:20,22.8,16.1,0.65,SSW,5.4,0,1014.6,Fair
2023-05-31,12:50,22.8,16.1,0.65,SSW,6.3,0,1014.6,Fair
2023-05-31,13:20,22.8,15,0.61,SSW,7.2,0,1014.6,Fair
2023-05-31,13:50,22.8,15,0.61,S,7.2,12.5,1014.6,Fair
2023-05-31,14:20,22.8,16.1,0.65,S,7.6,13,1013.5,Fair
2023-05-31,14:50,22.8,16.1,0.65,S,7.6,13,1013.5,Fair
2023-05-31,15:20,22.8,16.1,0.65,S,7.6,0,1013.5,Fair
2023-05-31,15:50,23.9,15,0.57,S,7.2,0,1013.5,Fair
2023-05-31,16:20,23.9,15,0.57,S,7.2,0,1013.5,Fair
2023-05-31,16:50,25,12.8,0.47,S,6.7,0,1012.5,Fair
2023-05-31,17:20,26.1,12.8,0.44,S,6.7,0,1012.5,Fair
2023-05-31,17:50,26.1,12.2,0.42,S,6.7,0,1012.5,Fair
2023-05-31,18:20,25,12.8,0.47,S,6.7,0,1012.5,Fair
2023-05-31,18:50,25,12.2,0.44,S,5.8,0,1012.5,Fair
2023-05-31,19:20,23.9,12.8,0.5,SSW,7.2,0,1011.5,Fair
2023-05-31,19:50,23.9,12.8,0.5,SSW,5.8,0,1011.5,Fair
2023-05-31,20:20,22.8,13.9,0.57,SSW,5.8,0,1011.5,Fair
2023-05-31,20:50,22.8,15,0.61,SSW,5.4,0,1011.5,Fair
2023-05-31,21:20,23.9,12.8,0.5,SW,3.1,0,1011.5,Partly Cloudy
2023-05-31,21:50,23.9,12.8,0.5,SW,4.5,0,1011.5,Fair
2023-05-31,22:20,22.8,12.8,0.53,SW,5.4,0,1011.5,Fair
2023-05-31,22:50,22.8,12.2,0.5,SW,4,0,1011.5,Fair
2023-05-31,23:20,22.2,12.8,0.57,SW,4,0,1012.5,Fair
2023-05-31,23:50,22.2,12.8,0.57,SW,4.5,0,1012.5,Fair
